unit,tra_meas,to,2017,2016,2015,2014,2013,2012,2011,2010,2009,2008,2007,2006,2005,2004,2003,2002,2001,2000,1999,1998,1997,1996,1995,1994,1993,codes
PAS,PAS_CRD,New York,19237215,18397949,17833096,17220219,16483552,16109075,16186418,15620840,15315260,16282185,16234712,14923315,14295676,13313653,10455635,11201117,10445871,11865063,11886787,12501758,11407763,10243938,9997030,9498544,8707474,"[""AT_LOWW_US_KEWR"" ""AT_LOWW_US_KJFK"" ""BE_EBBR_US_KEWR"" ""BE_EBBR_US_KJFK"" ""CH_LSGG_US_KEWR"" ""CH_LSGG_US_KJFK"" ""CH_LSZH_US_KEWR"" ""CH_LSZH_US_KJFK"" ""DE_EDDF_US_KEWR"" ""DE_EDDF_US_KJFK"" ""DE_EDDH_US_KEWR"" ""DE_EDDH_US_KJFK"" ""DE_EDDK_US_KEWR"" ""DE_EDDL_US_KEWR"" ""DE_EDDL_US_KJFK"" ""DE_EDDM_US_KEWR"" ""DE_EDDM_US_KJFK"" ""DE_EDDS_US_KEWR"" ""DE_EDDS_US_KJFK"" ""DE_EDDT_US_KEWR"" ""DE_EDDT_US_KJFK"" ""DK_EKCH_US_KEWR"" ""DK_EKCH_US_KJFK"" ""EL_LGAT_US_KJFK"" ""EL_LGAV_US_KEWR"" ""EL_LGAV_US_KJFK"" ""ES_LEBL_US_KEWR"" ""ES_LEBL_US_KJFK"" ""ES_LEMD_US_KEWR"" ""ES_LEMD_US_KJFK"" ""FI_EFHK_US_KJFK"" ""FR_LF90_US_KJFK"" ""FR_LFLL_US_KJFK"" ""FR_LFMN_US_KJFK"" ""FR_LFPG_US_KEWR"" ""FR_LFPG_US_KJFK"" ""FR_LFPO_US_KEWR"" ""FR_LFPO_US_KJFK"" ""FR_LFSB_US_KJFK"" ""FR_TFFF_US_KJFK"" ""FR_TFFR_US_KJFK"" ""HU_LHBP_US_KJFK"" ""IE_EIDW_US_KEWR"" ""IE_EIDW_US_KJFK"" ""IE_EINN_US_KEWR"" ""IE_EINN_US_KJFK"" ""IS_BIKF_US_KEWR"" ""IS_BIKF_US_KJFK"" ""IT_LIMC_US_KEWR"" ""IT_LIMC_US_KJFK"" ""IT_LIPZ_US_KEWR"" ""IT_LIPZ_US_KJFK"" ""IT_LIRF_US_KEWR"" ""IT_LIRF_US_KJFK"" ""IT_LIRP_US_KJFK"" ""NL_EHAM_US_KEWR"" ""NL_EHAM_US_KJFK"" ""NO_ENGM_US_KEWR"" ""NO_ENGM_US_KJFK"" ""PL_EPWA_US_KEWR"" ""PL_EPWA_US_KJFK"" ""PT_LPPR_US_KEWR"" ""PT_LPPT_US_KEWR"" ""PT_LPPT_US_KJFK"" ""RO_LROP_US_KJFK"" ""RO_LRTR_US_KJFK"" ""SE_ESSA_US_KEWR"" ""SE_ESSA_US_KJFK"" ""UK_EGAA_US_KEWR"" ""UK_EGAA_US_KJFK"" ""UK_EGBB_US_KEWR"" ""UK_EGBB_US_KJFK"" ""UK_EGCC_US_KEWR"" ""UK_EGCC_US_KJFK"" ""UK_EGGD_US_KEWR"" ""UK_EGKK_US_KEWR"" ""UK_EGKK_US_KJFK"" ""UK_EGLL_US_KEWR"" ""UK_EGLL_US_KJFK"" ""UK_EGPF_US_KEWR"" ""UK_EGPF_US_KJFK"" ""UK_EGPH_US_KEWR"" ""UK_EGPH_US_KJFK"" ""UK_EGSS_US_KJFK""]"
PAS,PAS_CRD,Dubai,18522714,17229058,16062378,14513833,13203422,11170520,9728309,9084196,7981060,7190893,6699353,5794497,4829492,4280469,3449480,2907127,2274899,1899515,1432022,1197547,1040431,927605,643983,494314,524533,"[""AT_LOWW_AE_OMDB"" ""BE_EBBR_AE_OMDB"" ""CH_LSGG_AE_OMDB"" ""CH_LSZH_AE_OMDB"" ""CY_LCLK_AE_OMDB"" ""DE_EDDF_AE_OMDB"" ""DE_EDDH_AE_OMDB"" ""DE_EDDL_AE_OMDB"" ""DE_EDDM_AE_OMDB"" ""DE_EDDT_AE_OMDB"" ""DK_EKCH_AE_OMDB"" ""EL_LGAV_AE_OMDB"" ""ES_LEBL_AE_OMDB"" ""ES_LEMD_AE_OMDB"" ""FI_EFHK_AE_OMDB"" ""FR_LF90_AE_OMDB"" ""FR_LFLL_AE_OMDB"" ""FR_LFMN_AE_OMDB"" ""FR_LFPG_AE_OMDB"" ""HR_LDZA_AE_OMDB"" ""HU_LHBP_AE_OMDB"" ""IE_EIDW_AE_OMDB"" ""IT_LIMC_AE_OMDB"" ""IT_LIPE_AE_OMDB"" ""IT_LIPZ_AE_OMDB"" ""IT_LIRF_AE_OMDB"" ""MT_LMML_AE_OMDB"" ""NL_EHAM_AE_OMDB"" ""NO_ENGM_AE_OMDB"" ""PL_EPWA_AE_OMDB"" ""PT_LPPT_AE_OMDB"" ""RO_LROP_AE_OMDB"" ""SE_ESSA_AE_OMDB"" ""SK_LZIB_AE_OMDB"" ""UK_EGBB_AE_OMDB"" ""UK_EGCC_AE_OMDB"" ""UK_EGKK_AE_OMDB"" ""UK_EGLL_AE_OMDB"" ""UK_EGNT_AE_OMDB"" ""UK_EGPF_AE_OMDB""]"
PAS,PAS_CRD,Moskva,15687967,13900818,12826985,14873663,14736942,13000503,10841566,8552969,6708325,7271009,6417849,5074979,4435638,3884644,3326150,2733999,2324387,1865361,1806818,1763144,1679987,1038053,1186632,1099555,926249,"[""AT_LOWS_RU_UUDD"" ""AT_LOWS_RU_UUEE"" ""AT_LOWS_RU_UUWW"" ""AT_LOWW_RU_UUDD"" ""AT_LOWW_RU_UUEE"" ""AT_LOWW_RU_UUWW"" ""BE_EBBR_RU_UUDD"" ""BE_EBBR_RU_UUEE"" ""BE_EBLG_RU_UUDD"" ""BE_EBLG_RU_UUWW"" ""BG_LBBG_RU_UUDD"" ""BG_LBBG_RU_UUEE"" ""BG_LBBG_RU_UUWW"" ""BG_LBSF_RU_UUEE"" ""BG_LBWN_RU_UUDD"" ""BG_LBWN_RU_UUEE"" ""BG_LBWN_RU_UUWW"" ""CH_LSGG_RU_UUDD"" ""CH_LSGG_RU_UUEE"" ""CH_LSZH_RU_UUDD"" ""CH_LSZH_RU_UUEE"" ""CY_LCLK_RU_UUDD"" ""CY_LCLK_RU_UUEE"" ""CY_LCLK_RU_UUWW"" ""CY_LCPH_RU_UUDD"" ""CY_LCPH_RU_UUEE"" ""CY_LCPH_RU_UUWW"" ""DE_EDDB_RU_UUEE"" ""DE_EDDC_RU_UUEE"" ""DE_EDDC_RU_UUWW"" ""DE_EDDF_RU_UUDD"" ""DE_EDDF_RU_UUEE"" ""DE_EDDF_RU_UUWW"" ""DE_EDDH_RU_UUEE"" ""DE_EDDK_RU_UUWW"" ""DE_EDDL_RU_UUDD"" ""DE_EDDL_RU_UUEE"" ""DE_EDDM_RU_UUDD"" ""DE_EDDM_RU_UUEE"" ""DE_EDDS_RU_UUEE"" ""DE_EDDT_RU_UUDD"" ""DE_EDDT_RU_UUWW"" ""DE_EDDV_RU_UUEE"" ""DE_EDDV_RU_UUWW"" ""DE_EDJA_RU_UUWW"" ""DE_EDSB_RU_UUWW"" ""DK_EKCH_RU_UUEE"" ""EE_EETN_RU_UUEE"" ""EL_LGAT_RU_UUWW"" ""EL_LGAV_RU_UUDD"" ""EL_LGAV_RU_UUEE"" ""EL_LGIR_RU_UUDD"" ""EL_LGIR_RU_UUEE"" ""EL_LGIR_RU_UUWW"" ""EL_LGKO_RU_UUDD"" ""EL_LGKO_RU_UUWW"" ""EL_LGKR_RU_UUDD"" ""EL_LGKR_RU_UUWW"" ""EL_LGRP_RU_UUDD"" ""EL_LGRP_RU_UUEE"" ""EL_LGRP_RU_UUWW"" ""EL_LGRX_RU_UUDD"" ""EL_LGRX_RU_UUWW"" ""EL_LGSA_RU_UUDD"" ""EL_LGSA_RU_UUEE"" ""EL_LGSR_RU_UUDD"" ""EL_LGTS_RU_UUDD"" ""EL_LGTS_RU_UUEE"" ""EL_LGTS_RU_UUWW"" ""EL_LGZA_RU_UUDD"" ""ES_GCTS_RU_UUDD"" ""ES_GCTS_RU_UUEE"" ""ES_LEAL_RU_UUDD"" ""ES_LEAL_RU_UUEE"" ""ES_LEBL_RU_UUDD"" ""ES_LEBL_RU_UUEE"" ""ES_LEBL_RU_UUWW"" ""ES_LEGE_RU_UUEE"" ""ES_LEGE_RU_UUWW"" ""ES_LEMD_RU_UUDD"" ""ES_LEMD_RU_UUEE"" ""ES_LEMG_RU_UUEE"" ""ES_LEPA_RU_UUDD"" ""ES_LERS_RU_UUEE"" ""ES_LEVC_RU_UUEE"" ""FI_EFHK_RU_UUEE"" ""FR_LF90_RU_UUEE"" ""FR_LFLB_RU_UUDD"" ""FR_LFLS_RU_UUDD"" ""FR_LFMN_RU_UUEE"" ""FR_LFPG_RU_UUEE"" ""FR_LFPO_RU_UUWW"" ""HR_LDDU_RU_UUDD"" ""HR_LDDU_RU_UUEE"" ""HR_LDPL_RU_UUDD"" ""HR_LDPL_RU_UUEE"" ""HR_LDPL_RU_UUWW"" ""HR_LDSP_RU_UUDD"" ""HR_LDSP_RU_UUEE"" ""HR_LDZA_RU_UUEE"" ""HU_LHBP_RU_UUEE"" ""HU_LHBP_RU_UUWW"" ""IT_LIMC_RU_UUEE"" ""IT_LIME_RU_UUWW"" ""IT_LIML_RU_UUEE"" ""IT_LIPE_RU_UUEE"" ""IT_LIPK_RU_UUDD"" ""IT_LIPR_RU_UUDD"" ""IT_LIPR_RU_UUEE"" ""IT_LIPR_RU_UUWW"" ""IT_LIPX_RU_UUDD"" ""IT_LIPY_RU_UUDD"" ""IT_LIPY_RU_UUEE"" ""IT_LIPZ_RU_UUEE"" ""IT_LIRF_RU_UUEE"" ""IT_LIRP_RU_UUWW"" ""LT_EYVI_RU_UUEE"" ""LT_EYVI_RU_UUWW"" ""LV_EVRA_RU_UUDD"" ""LV_EVRA_RU_UUEE"" ""LV_EVRA_RU_UUWW"" ""ME_LYPG_RU_UUDD"" ""ME_LYPG_RU_UUWW"" ""ME_LYTV_RU_UUDD"" ""ME_LYTV_RU_UUEE"" ""ME_LYTV_RU_UUWW"" ""MT_LMML_RU_UUDD"" ""NL_EHAM_RU_UUEE"" ""NO_ENGM_RU_UUEE"" ""PL_EPWA_RU_UUEE"" ""SE_ESSA_RU_UUEE"" ""SI_LJLJ_RU_UUEE"" ""SK_LZIB_RU_UUEE"" ""SK_LZIB_RU_UUWW"" ""UK_EGKK_RU_UUDD"" ""UK_EGKK_RU_UUEE"" ""UK_EGLL_RU_UUDD"" ""UK_EGLL_RU_UUEE"" ""UK_EGLL_RU_UUWW""]"
PAS,PAS_CRD,Tel Aviv,10808738,9318672,8458429,7616332,7280863,6935109,6803876,6295439,5582882,5485463,5247877,4602505,4324065,4040715,3612799,3169826,3093372,3388813,3545417,3515749,3115398,2960757,3185193,2822879,2612268,"[""AT_LOWW_IL_LLBG"" ""BE_EBBR_IL_LLBG"" ""BE_EBBR_IL_LLSD"" ""BE_EBLG_IL_LLBG"" ""BG_LBBG_IL_LLBG"" ""BG_LBSF_IL_LLBG"" ""BG_LBWN_IL_LLBG"" ""CH_LSGG_IL_LLBG"" ""CH_LSZH_IL_LLBG"" ""CH_LSZM_IL_LLBG"" ""CY_LCLK_IL_LLBG"" ""CY_LCPH_IL_LLBG"" ""DE_EDDB_IL_LLBG"" ""DE_EDDF_IL_LLBG"" ""DE_EDDM_IL_LLBG"" ""DE_EDDT_IL_LLBG"" ""DE_EDSB_IL_LLBG"" ""EL_LG03_IL_LLBG"" ""EL_LGAT_IL_LLBG"" ""EL_LGAV_IL_LLBG"" ""EL_LGIR_IL_LLBG"" ""EL_LGKO_IL_LLBG"" ""EL_LGKR_IL_LLBG"" ""EL_LGMK_IL_LLBG"" ""EL_LGRD_IL_LLBG"" ""EL_LGRP_IL_LLBG"" ""EL_LGRX_IL_LLBG"" ""EL_LGSR_IL_LLBG"" ""EL_LGZA_IL_LLBG"" ""ES_LEBL_IL_LLBG"" ""ES_LEMD_IL_LLBG"" ""ES_LEMG_IL_LLBG"" ""FR_LF90_IL_LLBG"" ""FR_LFLS_IL_LLBG"" ""FR_LFML_IL_LLBG"" ""FR_LFPG_IL_LLBG"" ""FR_LFPO_IL_LLBG"" ""HR_LDZA_IL_LLBG"" ""HU_LHBP_IL_LLBG"" ""HU_LHDC_IL_LLBG"" ""IT_LIMC_IL_LLBG"" ""IT_LIME_IL_LLBG"" ""IT_LIPX_IL_LLBG"" ""IT_LIRF_IL_LLBG"" ""LT_EYVI_IL_LLBG"" ""LV_EVRA_IL_LLBG"" ""ME_LYTV_IL_LLBG"" ""MT_LMML_IL_LLBG"" ""NL_EHAM_IL_LLBG"" ""PL_EPKT_IL_LLBG"" ""PL_EPLB_IL_LLBG"" ""PL_EPWA_IL_LLBG"" ""RO_LRCL_IL_LLBG"" ""RO_LRIA_IL_LLBG"" ""RO_LROP_IL_LLBG"" ""SI_LJLJ_IL_LLBG"" ""SK_LZIB_IL_LLBG"" ""UK_EGGW_IL_LLBG"" ""UK_EGKK_IL_LLBG"" ""UK_EGLL_IL_LLBG"" ""UK_EGSS_IL_LLBG""]"
PAS,PAS_CRD,Doha,6855161,6361134,5330778,4016248,4372370,4062974,3227417,2584226,1816796,1831046,1989555,1216979,887056,594104,256884,220920,228033,215059,160524,156068,102089,,,,,"[""AT_LOWW_QA_OTBD"" ""AT_LOWW_QA_OTHH"" ""BE_EBBR_QA_OTBD"" ""BE_EBBR_QA_OTHH"" ""BG_LBSF_QA_OTHH"" ""CH_LSGG_QA_OTBD"" ""CH_LSGG_QA_OTHH"" ""CH_LSZH_QA_OTBD"" ""CH_LSZH_QA_OTHH"" ""CY_LCLK_QA_OTHH"" ""DE_EDDF_QA_OTBD"" ""DE_EDDM_QA_OTBD"" ""DE_EDDT_QA_OTBD"" ""DK_EKCH_QA_OTBD"" ""EL_LGAV_QA_OTBD"" ""ES_LEBL_QA_OTBD"" ""ES_LEMD_QA_OTBD"" ""FI_EFHK_QA_OTHH"" ""FR_LFPG_QA_OTBD"" ""FR_LFPG_QA_OTHH"" ""HR_LDZA_QA_OTBD"" ""HR_LDZA_QA_OTHH"" ""HU_LHBP_QA_OTBD"" ""HU_LHBP_QA_OTHH"" ""IT_LIMC_QA_OTBD"" ""IT_LIMC_QA_OTHH"" ""IT_LIPZ_QA_OTBD"" ""IT_LIPZ_QA_OTHH"" ""IT_LIRF_QA_OTBD"" ""IT_LIRF_QA_OTHH"" ""IT_LIRP_QA_OTHH"" ""NL_EHAM_QA_OTHH"" ""NO_ENGM_QA_OTBD"" ""NO_ENGM_QA_OTHH"" ""PL_EPWA_QA_OTBD"" ""PL_EPWA_QA_OTHH"" ""RO_LROP_QA_OTHH"" ""SE_ESSA_QA_OTBD"" ""SE_ESSA_QA_OTHH"" ""UK_EGBB_QA_OTHH"" ""UK_EGCC_QA_OTBD"" ""UK_EGCC_QA_OTHH"" ""UK_EGKK_QA_OTBD"" ""UK_EGLL_QA_OTBD"" ""UK_EGLL_QA_OTHH"" ""UK_EGPH_QA_OTHH""]"
PAS,PAS_CRD,Toronto,6257035,5689875,5016340,4536972,4031751,4344385,4146059,3707421,3457288,3821547,3775727,3697093,3650420,3265706,2945149,3231588,3102176,3010875,2911557,2987841,3048722,2790704,2580190,2394737,2344776,"[""AT_LOWW_CA_CYTZ"" ""AT_LOWW_CA_CYYZ"" ""BE_EBBR_CA_CYYZ"" ""CH_LSGG_CA_CYYZ"" ""CH_LSZH_CA_CYYZ"" ""DE_EDDB_CA_CYTZ"" ""DE_EDDF_CA_CYTZ"" ""DE_EDDF_CA_CYYZ"" ""DE_EDDM_CA_CYTZ"" ""DE_EDDM_CA_CYYZ"" ""DK_EKCH_CA_CYYZ"" ""EL_LGAV_CA_CYYZ"" ""ES_LEBL_CA_CYYZ"" ""ES_LEMD_CA_CYYZ"" ""FR_LF90_CA_CYYZ"" ""FR_LFPG_CA_CYYZ"" ""HR_LDZA_CA_CYYZ"" ""HU_LHBP_CA_CYYZ"" ""IE_EIDW_CA_CYYZ"" ""IE_EINN_CA_CYYZ"" ""IS_BIKF_CA_CYYZ"" ""IT_LIMC_CA_CYYZ"" ""IT_LIPZ_CA_CYYZ"" ""IT_LIRA_CA_CYYZ"" ""IT_LIRF_CA_CYYZ"" ""NL_EHAM_CA_CYYZ"" ""PL_EPWA_CA_CYYZ"" ""PT_LPPD_CA_CYYZ"" ""PT_LPPR_CA_CYYZ"" ""PT_LPPT_CA_CYYZ"" ""UK_EGAA_CA_CYYZ"" ""UK_EGBB_CA_CYYZ"" ""UK_EGCC_CA_CYYZ"" ""UK_EGKK_CA_CYYZ"" ""UK_EGLL_CA_CYYZ"" ""UK_EGPF_CA_CYYZ""]"
PAS,PAS_CRD,Abu Dhabi,5098982,5172400,4632040,3870153,3305283,2833121,2208291,1574038,1301106,1123051,732449,587832,546137,324250,219260,248722,206416,179831,170147,170369,173306,164505,145931,165542,143785,"[""AT_LOWW_AE_OMAA"" ""BE_EBBR_AE_OMAA"" ""CH_LSGG_AE_OMAA"" ""CH_LSZH_AE_OMAA"" ""DE_EDDF_AE_OMAA"" ""DE_EDDL_AE_OMAA"" ""DE_EDDM_AE_OMAA"" ""DE_EDDT_AE_OMAA"" ""EL_LGAV_AE_OMAA"" ""ES_LEMD_AE_OMAA"" ""FR_LFPG_AE_OMAA"" ""IE_EIDW_AE_OMAA"" ""IT_LIMC_AE_OMAA"" ""IT_LIPZ_AE_OMAA"" ""IT_LIRF_AE_OMAA"" ""NL_EHAM_AE_OMAA"" ""UK_EGCC_AE_OMAA"" ""UK_EGKK_AE_OMAA"" ""UK_EGLL_AE_OMAA"" ""UK_EGPH_AE_OMAA""]"
PAS,PAS_CRD,Hong Kong,4777292,4323930,4044944,3732807,3657456,3670163,3764578,3603690,3745910,3673118,3708022,3262001,2823395,2716732,2041824,2544196,2130937,2213950,2147089,2259819,2304391,2324352,2092255,1980854,874934,"[""AT_LOWW_HK_VHHH"" ""CH_LSZH_HK_VHHH"" ""DE_EDDF_HK_VHHH"" ""DE_EDDL_HK_VHHH"" ""DE_EDDM_HK_VHHH"" ""ES_LEMD_HK_VHHH"" ""FI_EFHK_HK_VHHH"" ""FR_LF90_HK_VHHH"" ""FR_LFPG_HK_VHHH"" ""IT_LIMC_HK_VHHH"" ""IT_LIRF_HK_VHHH"" ""NL_EHAM_HK_VHHH"" ""SE_ESSA_HK_VHHH"" ""UK_EGCC_HK_VHHH"" ""UK_EGKK_HK_VHHH"" ""UK_EGLL_HK_VHHH""]"
PAS,PAS_CRD,Chicago,4692948,4487158,4482599,4670922,4506711,4253836,4327146,4540241,4658287,5112415,5391627,5149457,4991974,4818266,3726390,3803323,3782987,3913594,3720939,3563968,2460390,2224837,2110405,1826179,1839608,"[""AT_LOWW_US_KORD"" ""BE_EBBR_US_KORD"" ""CH_LSZH_US_KORD"" ""DE_EDDF_US_KORD"" ""DE_EDDL_US_KORD"" ""DE_EDDM_US_KORD"" ""DE_EDDT_US_KORD"" ""DK_EKCH_US_KORD"" ""ES_LEMD_US_KORD"" ""FR_LF90_US_KORD"" ""FR_LFPG_US_KORD"" ""FR_LFPO_US_KORD"" ""IE_EIDW_US_KORD"" ""IE_EINN_US_KORD"" ""IS_BIKF_US_KORD"" ""IT_LIMC_US_KORD"" ""IT_LIRF_US_KORD"" ""NL_EHAM_US_KORD"" ""PL_EPKK_US_KORD"" ""PL_EPWA_US_KORD"" ""SE_ESSA_US_KORD"" ""UK_EGBB_US_KORD"" ""UK_EGCC_US_KORD"" ""UK_EGLL_US_KORD"" ""UK_EGPF_US_KORD"" ""UK_EGSS_US_KORD""]"
PAS,PAS_CRD,Bangkok,4519855,4432896,4137491,4120372,4247595,4113507,4129824,4066480,3892938,4031292,4280028,3801514,3741583,3715998,2775607,2940938,2407447,2059140,2011219,2146292,2028930,2042968,1973567,1996535,1847091,"[""AT_LOWW_TH_VTBD"" ""AT_LOWW_TH_VTBS"" ""BE_EBBR_TH_VTBS"" ""CH_LSZH_TH_VTBD"" ""CH_LSZH_TH_VTBS"" ""DE_EDDF_TH_VTBD"" ""DE_EDDF_TH_VTBS"" ""DE_EDDL_TH_VTBD"" ""DE_EDDL_TH_VTBS"" ""DE_EDDM_TH_VTBD"" ""DE_EDDM_TH_VTBS"" ""DE_EDDT_TH_VTBD"" ""DE_EDDT_TH_VTBS"" ""DK_EKCH_TH_VTBD"" ""DK_EKCH_TH_VTBS"" ""EL_LGAT_TH_VTBD"" ""EL_LGAV_TH_VTBD"" ""ES_LEMD_TH_VTBD"" ""ES_LEMD_TH_VTBS"" ""FI_EFHK_TH_VTBD"" ""FI_EFHK_TH_VTBS"" ""FR_FMEE_TH_VTBD"" ""FR_FMEE_TH_VTBS"" ""FR_LF90_TH_VTBD"" ""FR_LFPG_TH_VTBD"" ""FR_LFPG_TH_VTBS"" ""FR_LFPO_TH_VTBD"" ""IT_LIMC_TH_VTBD"" ""IT_LIMC_TH_VTBS"" ""IT_LIRF_TH_VTBD"" ""IT_LIRF_TH_VTBS"" ""NL_EHAM_TH_VTBD"" ""NL_EHAM_TH_VTBS"" ""NO_ENGM_TH_VTBS"" ""SE_ESSA_TH_VTBD"" ""SE_ESSA_TH_VTBS"" ""UK_EGLL_TH_VTBD"" ""UK_EGLL_TH_VTBS""]"
PAS,PAS_CRD,Los Angeles,4459533,3779296,3242885,2875345,2826918,2732564,2871139,2537321,2570637,3043006,2937329,2790751,2731640,2632419,2368532,2348762,2614907,3058984,2947508,2638694,2597175,2417979,2380860,2183411,2084741,"[""AT_LOWW_US_KLAX"" ""BE_EBBR_US_KLAX"" ""CH_LSZH_US_KLAX"" ""DE_EDDF_US_KLAX"" ""DE_EDDL_US_KLAX"" ""DE_EDDM_US_KLAX"" ""DK_EKCH_US_KLAX"" ""ES_LEMD_US_KLAX"" ""FR_LF90_US_KLAX"" ""FR_LFPG_US_KLAX"" ""FR_LFPO_US_KLAX"" ""IE_EIDW_US_KLAX"" ""IE_EINN_US_KLAX"" ""IS_BIKF_US_KLAX"" ""IT_LIMC_US_KLAX"" ""IT_LIRF_US_KLAX"" ""NL_EHAM_US_KLAX"" ""SE_ESSA_US_KLAX"" ""UK_EGKK_US_KLAX"" ""UK_EGLL_US_KLAX""]"
PAS,PAS_CRD,Beijing,4111406,3625864,3537358,3030508,2847237,2813817,2660155,2395493,2182917,2305951,2487456,2186840,1855445,1610732,858454,1241468,933148,781218,645920,682125,557675,434870,363719,336505,238950,"[""AT_LOWW_CN_ZBAA"" ""BE_EBBR_CN_ZBAA"" ""CH_LSZH_CN_ZBAA"" ""DE_EDDF_CN_ZBAA"" ""DE_EDDL_CN_ZBAA"" ""DE_EDDM_CN_ZBAA"" ""DE_EDDT_CN_ZBAA"" ""DK_EKCH_CN_ZBAA"" ""ES_LEBL_CN_ZBAA"" ""ES_LEMD_CN_ZBAA"" ""FI_EFHK_CN_ZBAA"" ""FR_LF90_CN_ZBAA"" ""FR_LFPG_CN_ZBAA"" ""IT_LIMC_CN_ZBAA"" ""IT_LIRF_CN_ZBAA"" ""NL_EHAM_CN_ZBAA"" ""PL_EPWA_CN_ZBAA"" ""SE_ESSA_CN_ZBAA"" ""UK_EGCC_CN_ZBAA"" ""UK_EGLL_CN_ZBAA""]"
PAS,PAS_CRD,Tokyo,3986044,3783823,3923404,3862121,3836406,3815778,3319729,3584001,3460080,3941945,4221550,4167314,4176294,4172844,3535995,3882386,3314531,3358074,3257903,3308864,2643597,2509329,2491769,2480145,2116464,"[""AT_LOWW_JP_RJAA"" ""BE_EBBR_JP_RJAA"" ""BE_EBBR_JP_RJTT"" ""CH_LSZH_JP_RJAA"" ""DE_EDDF_JP_RJAA"" ""DE_EDDF_JP_RJTT"" ""DE_EDDL_JP_RJAA"" ""DE_EDDM_JP_RJAA"" ""DE_EDDM_JP_RJTT"" ""DK_EKCH_JP_RJAA"" ""EL_LGAT_JP_RJTT"" ""ES_LEMD_JP_RJAA"" ""FI_EFHK_JP_RJAA"" ""FR_LF90_JP_RJTT"" ""FR_LFPG_JP_RJAA"" ""FR_LFPG_JP_RJTT"" ""IT_LIMC_JP_RJAA"" ""IT_LIRF_JP_RJAA"" ""NL_EHAM_JP_RJAA"" ""UK_EGLL_JP_RJAA"" ""UK_EGLL_JP_RJTT""]"
PAS,PAS_CRD,Shanghai,3738925,3340847,3065962,2900357,2787345,2639852,2402066,1540251,1344053,1374565,1383114,1323517,1101819,712883,322580,278984,202255,148426,107547,,,,,,,"[""AT_LOWW_CN_ZSPD"" ""CH_LSZH_CN_ZSPD"" ""DE_EDDF_CN_ZSPD"" ""DE_EDDM_CN_ZSPD"" ""DK_EKCH_CN_ZSPD"" ""ES_LEMD_CN_ZSPD"" ""FI_EFHK_CN_ZSPD"" ""FR_LF90_CN_ZSSS"" ""FR_LFPG_CN_ZSPD"" ""FR_LFPG_CN_ZSSS"" ""IT_LIMC_CN_ZSPD"" ""IT_LIRF_CN_ZSPD"" ""NL_EHAM_CN_ZSPD"" ""NL_EHAM_CN_ZSSS"" ""UK_EGLL_CN_ZSPD""]"
PAS,PAS_CRD,Atlanta,3722614,3594334,3416170,3178037,3296105,3109263,3131999,3071765,2961731,3112179,3235293,3112696,3020894,2884000,2484458,2837388,2413405,2587600,2635402,2372207,2019472,1921163,2019736,1956228,1743881,"[""BE_EBBR_US_KATL"" ""CH_LSZH_US_KATL"" ""DE_EDDF_US_KATL"" ""DE_EDDH_US_KATL"" ""DE_EDDL_US_KATL"" ""DE_EDDM_US_KATL"" ""DE_EDDS_US_KATL"" ""DK_EKCH_US_KATL"" ""ES_LEBL_US_KATL"" ""ES_LEMD_US_KATL"" ""FR_LF90_US_KATL"" ""FR_LFMN_US_KATL"" ""FR_LFPG_US_KATL"" ""FR_LFPO_US_KATL"" ""IE_EIDW_US_KATL"" ""IE_EINN_US_KATL"" ""IT_LIMC_US_KATL"" ""IT_LIRF_US_KATL"" ""NL_EHAM_US_KATL"" ""UK_EGCC_US_KATL"" ""UK_EGKK_US_KATL"" ""UK_EGLL_US_KATL"" ""UK_EGPH_US_KATL""]"
PAS,PAS_CRD,Kiev,3714829,3240537,2399881,2091166,2908085,2183546,1877482,1501009,1128119,1500473,1342779,939872,771479,602068,544389,505835,209095,117129,103911,125909,130468,124616,103447,89203,,"[""AT_LOWW_UA_UKBB"" ""BE_EBBR_UA_UKBB"" ""BG_LBBG_UA_UKBB"" ""CH_LSZH_UA_UKBB"" ""CY_LCLK_UA_UKBB"" ""DE_EDDF_UA_UKBB"" ""DE_EDDF_UA_UKKK"" ""DE_EDDL_UA_UKBB"" ""DE_EDDM_UA_UKBB"" ""DE_EDDM_UA_UKKK"" ""DE_EDDN_UA_UKKK"" ""DE_EDDT_UA_UKBB"" ""DE_EDHL_UA_UKBB"" ""DE_EDHL_UA_UKKK"" ""DE_EDJA_UA_UKBB"" ""DE_EDJA_UA_UKKK"" ""DE_EDLW_UA_UKBB"" ""DE_EDLW_UA_UKKK"" ""EE_EETN_UA_UKBB"" ""EL_LGAV_UA_UKBB"" ""EL_LGIR_UA_UKBB"" ""EL_LGTS_UA_UKBB"" ""ES_LEBL_UA_UKBB"" ""ES_LEGE_UA_UKKK"" ""FR_LFPG_UA_UKBB"" ""FR_LFPG_UA_UKKK"" ""HR_LDSP_UA_UKBB"" ""HU_LHBP_UA_UKBB"" ""HU_LHBP_UA_UKKK"" ""IT_LIMC_UA_UKBB"" ""IT_LIME_UA_UKKK"" ""IT_LIPH_UA_UKBB"" ""IT_LIPH_UA_UKKK"" ""IT_LIRF_UA_UKBB"" ""LT_EYVI_UA_UKBB"" ""LV_EVRA_UA_UKBB"" ""ME_LYTV_UA_UKKK"" ""NL_EHAM_UA_UKBB"" ""PL_EPKT_UA_UKBB"" ""PL_EPKT_UA_UKKK"" ""PL_EPWA_UA_UKBB"" ""PL_EPWR_UA_UKKK"" ""SE_ESSA_UA_UKBB"" ""SK_LZIB_UA_UKKK"" ""UK_EGKK_UA_UKBB"" ""UK_EGLL_UA_UKBB""]"
PAS,PAS_CRD,Singapore,3673198,3493692,3541310,3569425,3621479,3594579,3290378,3155611,3165534,3393259,3193134,3305886,2962572,2891335,2646852,2945886,2436004,2320521,2385301,2137923,2059646,1827219,1434703,1388711,1308430,"[""CH_LSZH_SG_WSSS"" ""DE_EDDB_SG_WSSS"" ""DE_EDDF_SG_WSSS"" ""DE_EDDM_SG_WSSS"" ""DK_EKCH_SG_WSSS"" ""EL_LGAT_SG_WSSS"" ""ES_LEBL_SG_WSSS"" ""FI_EFHK_SG_WSSS"" ""FR_LF90_SG_WSSS"" ""FR_LFPG_SG_WSSS"" ""IT_LIMC_SG_WSSS"" ""IT_LIRF_SG_WSSS"" ""NL_EHAM_SG_WSSS"" ""UK_EGCC_SG_WSSS"" ""UK_EGLL_SG_WSSS""]"
PAS,PAS_CRD,Washington,3639842,3466684,3463002,3498101,3545619,3516233,3411622,3349081,3133085,3361006,3294532,3253850,3262032,3178660,2707960,3092325,2602827,2879942,2070195,2046039,1825800,1754377,1609181,1643865,1506566,"[""AT_LOWW_US_KIAD"" ""BE_EBBR_US_KIAD"" ""CH_LSGG_US_KIAD"" ""CH_LSZH_US_KIAD"" ""DE_EDDF_US_KDCA"" ""DE_EDDF_US_KIAD"" ""DE_EDDL_US_KIAD"" ""DE_EDDM_US_KDCA"" ""DE_EDDM_US_KIAD"" ""DK_EKCH_US_KIAD"" ""ES_LEMD_US_KIAD"" ""FR_LF90_US_KIAD"" ""FR_LFPG_US_KIAD"" ""IE_EIDW_US_KIAD"" ""IS_BIKF_US_KIAD"" ""IT_LIMC_US_KDCA"" ""IT_LIMC_US_KIAD"" ""IT_LIRF_US_KDCA"" ""IT_LIRF_US_KIAD"" ""NL_EHAM_US_KIAD"" ""UK_EGCC_US_KIAD"" ""UK_EGLL_US_KIAD"" ""UK_EGPF_US_KIAD""]"
PAS,PAS_CRD,Casablanca,3616653,3325721,3392136,3535210,3534887,3390011,3704120,3726486,3136130,2925045,2672008,2127826,1837079,1668616,1437904,1537757,1470091,1276750,1199685,1335361,1112492,939448,577634,769901,722697,"[""BE_EBBR_MA_GMMN"" ""BE_EBCI_MA_GMMN"" ""CH_LSGG_MA_GMMN"" ""CH_LSZM_MA_GMMN"" ""DE_EDDF_MA_GMMC"" ""DE_EDDF_MA_GMMN"" ""ES_LEBL_MA_GMMN"" ""ES_LEMD_MA_GMMN"" ""FR_LF90_MA_GMMC"" ""FR_LFBD_MA_GMMC"" ""FR_LFBD_MA_GMMN"" ""FR_LFBO_MA_GMMC"" ""FR_LFBO_MA_GMMN"" ""FR_LFJL_MA_GMMN"" ""FR_LFLL_MA_GMMC"" ""FR_LFLL_MA_GMMN"" ""FR_LFML_MA_GMMC"" ""FR_LFML_MA_GMMN"" ""FR_LFMN_MA_GMMC"" ""FR_LFMN_MA_GMMN"" ""FR_LFMT_MA_GMMN"" ""FR_LFPG_MA_GMMC"" ""FR_LFPG_MA_GMMN"" ""FR_LFPO_MA_GMMC"" ""FR_LFPO_MA_GMMN"" ""FR_LFQQ_MA_GMMN"" ""FR_LFRS_MA_GMMN"" ""FR_LFST_MA_GMMC"" ""FR_LFST_MA_GMMN"" ""IT_LIMC_MA_GMMN"" ""IT_LIME_MA_GMMN"" ""IT_LIML_MA_GMMN"" ""IT_LIMZ_MA_GMMN"" ""IT_LIPE_MA_GMMN"" ""IT_LIPH_MA_GMMN"" ""IT_LIPZ_MA_GMMN"" ""IT_LIRF_MA_GMMN"" ""NL_EHAM_MA_GMMN"" ""PT_LPPT_MA_GMMN"" ""UK_EGLL_MA_GMMN""]"
PAS,PAS_CRD,Boston,3546567,3329332,3029337,2830903,2851873,2849894,2887017,2621503,2558519,2606344,2587777,2679807,2620744,2521843,2019012,2275810,2261635,2443804,2444226,2098180,1954384,1936731,1997129,2055648,1953313,"[""BE_EBBR_US_KBOS"" ""CH_LSZH_US_KBOS"" ""DE_EDDF_US_KBOS"" ""DE_EDDM_US_KBOS"" ""ES_LEMD_US_KBOS"" ""FR_LF90_US_KBOS"" ""FR_LFPG_US_KBOS"" ""IE_EIDW_US_KBOS"" ""IE_EINN_US_KBOS"" ""IS_BIKF_US_KBOS"" ""IT_LIMC_US_KBOS"" ""IT_LIRF_US_KBOS"" ""NL_EHAM_US_KBOS"" ""PT_LPLA_US_KBOS"" ""PT_LPPD_US_KBOS"" ""PT_LPPT_US_KBOS"" ""UK_EGCC_US_KBOS"" ""UK_EGKK_US_KBOS"" ""UK_EGLL_US_KBOS"" ""UK_EGPF_US_KBOS""]"
PAS,PAS_CRD,Miami,3439407,3365202,3331171,3179706,2976485,2803523,2689204,2319462,2298882,2407282,2224279,2282870,2337967,2325824,2350519,2307409,2150386,2128028,2087054,2079365,1818505,1712817,1498813,1426094,1569803,"[""AT_LOWW_US_KMIA"" ""CH_LSZH_US_KMIA"" ""DE_EDDF_US_KMIA"" ""DE_EDDL_US_KMIA"" ""DE_EDDT_US_KMIA"" ""ES_LEBL_US_KMIA"" ""ES_LEMD_US_KMIA"" ""FR_LF90_US_KMIA"" ""FR_LFPG_US_KMIA"" ""FR_LFPO_US_KMIA"" ""FR_TFFF_US_KMIA"" ""FR_TFFR_US_KMIA"" ""IT_LIMC_US_KMIA"" ""IT_LIRF_US_KMIA"" ""NL_EHAM_US_KMIA"" ""UK_EGKK_US_KMIA"" ""UK_EGLL_US_KMIA""]"
PAS,PAS_CRD,São Paulo,3351225,3278881,3317947,3260881,3016215,3100135,3021255,2865848,2655416,2703252,2330004,2139430,2150544,1777654,1669645,1594254,1455861,1199110,914525,996657,582999,702473,559647,288167,245346,"[""CH_LSZH_BR_SBGR"" ""DE_EDDF_BR_SBGR"" ""DE_EDDM_BR_SBGR"" ""ES_LEBL_BR_SBGR"" ""ES_LEMD_BR_SBGR"" ""ES_LEMD_BR_SBSP"" ""FR_LF90_BR_SBSP"" ""FR_LFPG_BR_SBGR"" ""FR_LFPG_BR_SBSP"" ""IT_LIMC_BR_SBGR"" ""IT_LIRF_BR_SBGR"" ""NL_EHAM_BR_SBGR"" ""PT_LPPR_BR_SBGR"" ""PT_LPPT_BR_SBGR"" ""UK_EGKK_BR_SBGR"" ""UK_EGLL_BR_SBGR""]"
PAS,PAS_CRD,San Francisco,3283809,3155687,3064465,2854139,2725923,2503358,2399396,2244875,2142560,2373524,2418075,2300102,2352250,2260629,2115925,2009227,2159661,2233652,2300510,1934720,1973130,1559476,1450400,1336025,1202025,"[""BE_EBBR_US_KSFO"" ""CH_LSZH_US_KSFO"" ""DE_EDDF_US_KSFO"" ""DE_EDDM_US_KSFO"" ""DK_EKCH_US_KSFO"" ""ES_LEMD_US_KSFO"" ""FR_LF90_US_KSFO"" ""FR_LFPG_US_KSFO"" ""IE_EIDW_US_KSFO"" ""IS_BIKF_US_KSFO"" ""IT_LIMC_US_KSFO"" ""NL_EHAM_US_KSFO"" ""UK_EGLL_US_KSFO""]"
PAS,PAS_CRD,Montréal,3184869,2765556,2505434,2470345,2407360,2210262,2248606,2252767,2177003,2142159,2249462,1976173,1831315,1681470,1527675,1620473,1476526,1585593,1573270,1251253,1150671,1297930,1242223,1190268,1142100,"[""BE_EBBR_CA_CYUL"" ""CH_LSZH_CA_CYMX"" ""CH_LSZH_CA_CYUL"" ""DE_EDDF_CA_CYUL"" ""DE_EDDM_CA_CYUL"" ""EL_LGAV_CA_CYUL"" ""ES_LEBL_CA_CYUL"" ""ES_LEMD_CA_CYMX"" ""FR_LF90_CA_CYMX"" ""FR_LFBD_CA_CYMX"" ""FR_LFBO_CA_CYMX"" ""FR_LFLL_CA_CYMX"" ""FR_LFLL_CA_CYUL"" ""FR_LFML_CA_CYUL"" ""FR_LFMN_CA_CYMX"" ""FR_LFPG_CA_CYMX"" ""FR_LFPG_CA_CYUL"" ""FR_LFPO_CA_CYMX"" ""FR_LFPO_CA_CYUL"" ""FR_LFRS_CA_CYMX"" ""FR_TFFF_CA_CYMX"" ""FR_TFFF_CA_CYUL"" ""FR_TFFR_CA_CYMX"" ""FR_TFFR_CA_CYUL"" ""IS_BIKF_CA_CYUL"" ""IT_LIRF_CA_CYMX"" ""IT_LIRF_CA_CYUL"" ""NL_EHAM_CA_CYMX"" ""NL_EHAM_CA_CYUL"" ""UK_EGLL_CA_CYMX"" ""UK_EGLL_CA_CYUL""]"
PAS,PAS_CRD,Seoul,3093802,2762585,2469114,2036942,1820515,1708511,1649772,1540844,1401156,1586483,1504276,1468427,1369287,1322092,975520,941579,763848,838509,715517,561748,977416,922810,732267,562386,417798,"[""AT_LOWW_KR_RKSI"" ""CH_LSZH_KR_RKSS"" ""DE_EDDF_KR_RKSI"" ""DE_EDDF_KR_RKSS"" ""DE_EDDM_KR_RKSI"" ""DE_EDDM_KR_RKSS"" ""ES_LEMD_KR_RKSI"" ""FI_EFHK_KR_RKSI"" ""FR_LF90_KR_RKSS"" ""FR_LFPG_KR_RKSI"" ""FR_LFPG_KR_RKSS"" ""IT_LIRF_KR_RKSI"" ""IT_LIRF_KR_RKSS"" ""NL_EHAM_KR_RKSI"" ""NL_EHAM_KR_RKSS"" ""PL_EPWA_KR_RKSI"" ""UK_EGLL_KR_RKSI"" ""UK_EGLL_KR_RKSS""]"
PAS,PAS_CRD,Algiers,3045367,3063527,2745013,2537501,2312641,2054661,1928066,1746743,1712229,1458942,1192797,1136983,1111327,1019109,947438,942156,861780,766076,618075,494040,409897,403708,429946,681443,1124791,"[""DE_EDDF_DZ_DAAG"" ""ES_LEAL_DZ_DAAG"" ""ES_LEBL_DZ_DAAG"" ""ES_LEMD_DZ_DAAG"" ""FR_LF90_DZ_DAAG"" ""FR_LFBO_DZ_DAAG"" ""FR_LFJL_DZ_DAAG"" ""FR_LFLL_DZ_DAAG"" ""FR_LFML_DZ_DAAG"" ""FR_LFOK_DZ_DAAG"" ""FR_LFPG_DZ_DAAG"" ""FR_LFPO_DZ_DAAG"" ""FR_LFQQ_DZ_DAAG"" ""IT_LIRF_DZ_DAAG"" ""UK_EGLL_DZ_DAAG""]"
PAS,PAS_CRD,Marrakech,2887567,2541998,2614561,2934135,2811143,2337474,2280286,2346551,2158338,2452528,2385321,1962285,1407272,910219,650329,629002,778656,727994,638392,494195,387172,392931,284874,407571,420054,"[""BE_EBBR_MA_GMMX"" ""BE_EBCI_MA_GMMX"" ""CH_LSGG_MA_GMMX"" ""CH_LSZM_MA_GMMX"" ""DE_EDFH_MA_GMMX"" ""DE_EDLV_MA_GMMX"" ""ES_LEBL_MA_GMMX"" ""ES_LEGE_MA_GMMX"" ""ES_LEMD_MA_GMMX"" ""ES_LERS_MA_GMMX"" ""ES_LEVC_MA_GMMX"" ""ES_LEXJ_MA_GMMX"" ""FR_LF90_MA_GMMX"" ""FR_LFBD_MA_GMMX"" ""FR_LFBE_MA_GMMX"" ""FR_LFBO_MA_GMMX"" ""FR_LFJL_MA_GMMX"" ""FR_LFLL_MA_GMMX"" ""FR_LFML_MA_GMMX"" ""FR_LFMP_MA_GMMX"" ""FR_LFMT_MA_GMMX"" ""FR_LFOB_MA_GMMX"" ""FR_LFOK_MA_GMMX"" ""FR_LFOT_MA_GMMX"" ""FR_LFPG_MA_GMMX"" ""FR_LFPO_MA_GMMX"" ""FR_LFQQ_MA_GMMX"" ""FR_LFRG_MA_GMMX"" ""FR_LFRS_MA_GMMX"" ""FR_LFSB_MA_GMMX"" ""IT_LIMC_MA_GMMX"" ""IT_LIME_MA_GMMX"" ""IT_LIMZ_MA_GMMX"" ""IT_LIPE_MA_GMMX"" ""IT_LIRA_MA_GMMX"" ""IT_LIRP_MA_GMMX"" ""NL_EHAM_MA_GMMX"" ""NL_EHEH_MA_GMMX"" ""PT_LPPT_MA_GMMX"" ""UK_EGCC_MA_GMMX"" ""UK_EGGW_MA_GMMX"" ""UK_EGKK_MA_GMMX"" ""UK_EGLL_MA_GMMX"" ""UK_EGSS_MA_GMMX""]"
PAS,PAS_CRD,New Delhi,2811527,2559647,2693783,2546453,2584811,2538086,2594940,2307214,1895776,1873360,1658383,1553760,1231351,923019,1018875,936886,817469,682620,798951,798992,766181,761160,717865,631128,470508,"[""AT_LOWW_IN_VIDP"" ""BE_EBBR_IN_VIDP"" ""CH_LSZH_IN_VIDP"" ""DE_EDDF_IN_VIDP"" ""DE_EDDM_IN_VIDP"" ""FI_EFHK_IN_VIDP"" ""FR_LFPG_IN_VIDP"" ""IT_LIMC_IN_VIDP"" ""IT_LIRF_IN_VIDP"" ""NL_EHAM_IN_VIDP"" ""UK_EGBB_IN_VIDP"" ""UK_EGKK_IN_VIDP"" ""UK_EGLL_IN_VIDP""]"
PAS,PAS_CRD,Belgrade,2677633,2650389,2005966,1940676,1486971,1466013,1333064,1113920,968225,952768,935588,869041,823961,685188,473425,339309,84520,,,239009,258682,247498,187344,,,"[""AT_LOWW_RS_LYBE"" ""BG_LBSF_RS_LYBE"" ""CH_LSZH_RS_LYBE"" ""DE_EDDF_RS_LYBE"" ""DE_EDDL_RS_LYBE"" ""DE_EDDM_RS_LYBE"" ""DE_EDDS_RS_LYBE"" ""DE_EDJA_RS_LYBE"" ""DE_EDLW_RS_LYBE"" ""DE_EDNY_RS_LYBE"" ""DE_EDSB_RS_LYBE"" ""EL_LGAV_RS_LYBE"" ""EL_LGTS_RS_LYBE"" ""FR_LFOB_RS_LYBE"" ""FR_LFPG_RS_LYBE"" ""FR_LFSB_RS_LYBE"" ""HR_LDSP_RS_LYBE"" ""HR_LDZA_RS_LYBE"" ""IT_LIMC_RS_LYBE"" ""IT_LIME_RS_LYBE"" ""IT_LIRF_RS_LYBE"" ""IT_LIVT_RS_LYBE"" ""ME_LYPG_RS_LYBE"" ""ME_LYTV_RS_LYBE"" ""NL_EHAM_RS_LYBE"" ""NL_EHEH_RS_LYBE"" ""SE_ESGP_RS_LYBE"" ""SE_ESKN_RS_LYBE"" ""SE_ESMS_RS_LYBE"" ""SI_LJLJ_RS_LYBE"" ""UK_EGLL_RS_LYBE""]"
PAS,PAS_CRD,St. Petersburg,2565979,2200835,1758227,2800298,2889026,2413378,2067413,1568647,1215814,1077035,961085,840522,705379,728990,656067,547144,411247,450547,313336,394127,315270,174136,32238,29651,128671,"[""AT_LOWW_RU_ULLI"" ""BG_LBBG_RU_ULLI"" ""BG_LBWN_RU_ULLI"" ""CH_LSZH_RU_ULLI"" ""CY_LCLK_RU_ULLI"" ""DE_EDDB_RU_ULLI"" ""DE_EDDF_RU_ULLI"" ""DE_EDDL_RU_ULLI"" ""DE_EDDM_RU_ULLI"" ""DE_EDDT_RU_ULLI"" ""DE_EDVV_RU_ULLI"" ""EE_EETN_RU_ULLI"" ""EL_LGIR_RU_ULLI"" ""EL_LGKO_RU_ULLI"" ""EL_LGKR_RU_ULLI"" ""EL_LGRP_RU_ULLI"" ""EL_LGSA_RU_ULLI"" ""EL_LGTS_RU_ULLI"" ""EL_LGZA_RU_ULLI"" ""ES_LEBL_RU_ULLI"" ""FI_EFHK_RU_ULLI"" ""FR_LF90_RU_ULLI"" ""FR_LFPG_RU_ULLI"" ""IT_LIMC_RU_ULLI"" ""IT_LIPR_RU_ULLI"" ""IT_LIRF_RU_ULLI"" ""LV_EVRA_RU_ULLI"" ""ME_LYTV_RU_ULLI"" ""NL_EHAM_RU_ULLI"" ""SE_ESSA_RU_ULLI"" ""UK_EGLL_RU_ULLI""]"
PAS,PAS_CRD,Hurghada,2509568,1009635,2234702,2014439,1534693,2689226,2139997,3320819,2900900,2930553,2361061,1889955,2036645,1929955,964184,949663,819589,1007196,737549,182531,467392,429486,150838,116711,81697,"[""AT_LOWG_EG_HEGN"" ""AT_LOWL_EG_HEGN"" ""AT_LOWS_EG_HEGN"" ""AT_LOWW_EG_HEGN"" ""BE_EBBR_EG_HEGN"" ""CH_LSZH_EG_HEGN"" ""CH_LSZM_EG_HEGN"" ""DE_EDDB_EG_HEGN"" ""DE_EDDC_EG_HEGN"" ""DE_EDDE_EG_HEGN"" ""DE_EDDF_EG_HEGN"" ""DE_EDDH_EG_HEGN"" ""DE_EDDK_EG_HEGN"" ""DE_EDDL_EG_HEGN"" ""DE_EDDM_EG_HEGN"" ""DE_EDDN_EG_HEGN"" ""DE_EDDP_EG_HEGN"" ""DE_EDDS_EG_HEGN"" ""DE_EDDV_EG_HEGN"" ""DE_EDLP_EG_HEGN"" ""DE_ETNL_EG_HEGN"" ""DK_EKBI_EG_HEGN"" ""EE_EETN_EG_HEGN"" ""FI_EFHK_EG_HEGN"" ""FR_LFPG_EG_HEGN"" ""IT_LIMC_EG_HEGN"" ""IT_LIME_EG_HEGN"" ""IT_LIPE_EG_HEGN"" ""IT_LIPN_EG_HEGN"" ""IT_LIPX_EG_HEGN"" ""LT_EYVI_EG_HEGN"" ""LU_ELLX_EG_HEGN"" ""LV_EVRA_EG_HEGN"" ""NL_EHAM_EG_HEGN"" ""PL_EPKT_EG_HEGN"" ""PL_EPPO_EG_HEGN"" ""PL_EPWA_EG_HEGN"" ""PL_EPWR_EG_HEGN"" ""SE_ESGG_EG_HEGN"" ""SE_ESMS_EG_HEGN"" ""SE_ESSA_EG_HEGN"" ""SI_LJLJ_EG_HEGN"" ""SK_LZIB_EG_HEGN"" ""SK_LZKZ_EG_HEGN"" ""UK_EGCC_EG_HEGN"" ""UK_EGKK_EG_HEGN""]"
PAS,PAS_CRD,Johannesburg,2252963,2244779,2214276,2304110,2244323,2174450,2238748,2244377,2210283,2286277,2352413,2434348,2363706,2258933,2247244,2310562,1810002,1729377,1612724,1377920,1320971,1247241,1097147,821168,763222,"[""BE_EBBR_ZA_FAJS"" ""CH_LSZH_ZA_FAJS"" ""CH_LSZH_ZA_FAOR"" ""DE_EDDF_ZA_FAJS"" ""DE_EDDF_ZA_FAOR"" ""DE_EDDM_ZA_FAJS"" ""DE_EDDM_ZA_FAOR"" ""EL_LGAT_ZA_FAJS"" ""ES_LEMD_ZA_FAJS"" ""FR_FMEE_ZA_FAOR"" ""FR_LF90_ZA_FAJS"" ""FR_LFPG_ZA_FAJS"" ""FR_LFPG_ZA_FAOR"" ""IT_LIRF_ZA_FAJS"" ""NL_EHAM_ZA_FAJS"" ""NL_EHAM_ZA_FAOR"" ""PT_LPPT_ZA_FAJS"" ""UK_EGLL_ZA_FAJS"" ""UK_EGLL_ZA_FAOR""]"
PAS,PAS_CRD,Tunis,2221413,1969814,1919786,1891891,1902681,2155822,1765081,2194950,2087345,2167730,2072181,1945100,1829166,1714000,1468527,1509519,1551832,1371829,1409731,1534273,1446025,1385555,1199296,1200429,1186434,"[""BE_EBBR_TN_DTTA"" ""CH_LSGG_TN_DTTA"" ""DE_EDDB_TN_DTTA"" ""DE_EDDF_TN_DTTA"" ""ES_LEBL_TN_DTTA"" ""ES_LEMD_TN_DTTA"" ""FR_LF90_TN_DTTA"" ""FR_LFBD_TN_DTTA"" ""FR_LFBO_TN_DTTA"" ""FR_LFLL_TN_DTTA"" ""FR_LFML_TN_DTTA"" ""FR_LFMN_TN_DTTA"" ""FR_LFPG_TN_DTTA"" ""FR_LFPO_TN_DTTA"" ""FR_LFQQ_TN_DTTA"" ""FR_LFRS_TN_DTTA"" ""FR_LFSB_TN_DTTA"" ""FR_LFST_TN_DTTA"" ""IT_LIMC_TN_DTTA"" ""IT_LIRF_TN_DTTA"" ""PL_EPKT_TN_DTTA""]"
PAS,PAS_CRD,Mexico City,2175547,1908480,1789086,1670209,1472791,1439240,1436144,1414343,1273752,1552351,1489025,1549762,1499599,1369212,1237187,1125371,1062348,1045686,915883,775676,691380,619603,550585,562690,486339,"[""DE_EDDF_MX_MMMX"" ""DE_EDDM_MX_MMMX"" ""ES_LEBL_MX_MMMX"" ""ES_LEMD_MX_MMMX"" ""FR_LF90_MX_MMMX"" ""FR_LFPG_MX_MMMX"" ""IT_LIRF_MX_MMMX"" ""NL_EHAM_MX_MMMX"" ""UK_EGKK_MX_MMMX"" ""UK_EGLL_MX_MMMX""]"
PAS,PAS_CRD,Mumbai,2161691,1843410,1826328,1993785,1923199,1774551,1920622,1810747,1617842,1818646,1956790,2007072,1701706,1442292,1267718,1187636,1025800,929335,1007098,880141,797025,794425,732853,617028,561238,"[""AT_LOWW_IN_VABB"" ""BE_EBBR_IN_VABB"" ""CH_LSZH_IN_VABB"" ""DE_EDDF_IN_VABB"" ""DE_EDDM_IN_VABB"" ""FI_EFHK_IN_VABB"" ""FR_LF90_IN_VAJJ"" ""FR_LFPG_IN_VABB"" ""FR_LFPG_IN_VAJJ"" ""IT_LIMC_IN_VABB"" ""NL_EHAM_IN_VABB"" ""UK_EGLL_IN_VABB""]"
PAS,PAS_CRD,Buenos Aires,2083140,1873534,1838196,1794719,1836510,1813209,1730830,1410620,1398361,1543927,1556597,1555324,1382262,1116629,1045892,785137,854395,783990,805719,755867,741753,762471,712265,521860,442647,"[""CH_LSZH_AR_SAEZ"" ""DE_EDDF_AR_SAEZ"" ""ES_LEBL_AR_SAEZ"" ""ES_LEMD_AR_SAEZ"" ""FR_LF90_AR_SAEZ"" ""FR_LFPG_AR_SAEZ"" ""IT_LIMC_AR_SAEZ"" ""IT_LIRF_AR_SAEZ"" ""NL_EHAM_AR_SAEZ"" ""UK_EGKK_AR_SAEZ"" ""UK_EGLL_AR_SAEZ""]"
PAS,PAS_CRD,Cairo,2005214,1900626,1861377,1765095,1801138,2080334,2123668,2954147,2611415,2698726,2555683,2064270,2197568,2165745,1675596,1598626,1418319,1387894,1361276,1195944,1296173,1106959,1142376,959146,1070384,"[""AT_LOWW_EG_HECA"" ""BE_EBBR_EG_HECA"" ""CH_LSZH_EG_HECA"" ""CY_LCPH_EG_HECA"" ""DE_EDDB_EG_HECA"" ""DE_EDDF_EG_HECA"" ""DE_EDDM_EG_HECA"" ""EL_LGAT_EG_HECA"" ""EL_LGAV_EG_HECA"" ""ES_LEBL_EG_HECA"" ""ES_LEMD_EG_HECA"" ""FR_LF90_EG_HECA"" ""FR_LFPG_EG_HECA"" ""FR_LFPO_EG_HECA"" ""HU_LHBP_EG_HECA"" ""IT_LIMC_EG_HECA"" ""IT_LIRF_EG_HECA"" ""NL_EHAM_EG_HECA"" ""UK_EGLL_EG_HECA""]"
PAS,PAS_CRD,Philadelphia,1951964,1882986,2079027,2077733,2214162,2064518,2078559,1881907,1767571,1942373,1664914,1503552,1512082,1679850,1702514,1613457,1377750,1340167,1268724,1377996,1160896,612082,525615,384158,285766,"[""BE_EBBR_US_KPHL"" ""CH_LSZH_US_KPHL"" ""DE_EDDF_US_KPHL"" ""DE_EDDM_US_KPHL"" ""EL_LGAV_US_KPHL"" ""ES_LEBL_US_KPHL"" ""ES_LEMD_US_KPHL"" ""FR_LF90_US_KPHL"" ""FR_LFPG_US_KPHL"" ""FR_LFPO_US_KPHL"" ""IE_EIDW_US_KPHL"" ""IE_EINN_US_KPHL"" ""IT_LIMC_US_KPHL"" ""IT_LIPZ_US_KPHL"" ""IT_LIRF_US_KPHL"" ""NL_EHAM_US_KPHL"" ""UK_EGCC_US_KPHL"" ""UK_EGKK_US_KPHL"" ""UK_EGLL_US_KPHL""]"
PAS,PAS_CRD,Tirana,1917196,1527654,1251837,1187241,1125741,911082,1244794,892280,674325,625165,529649,409042,326149,291047,214959,149970,,,,30868,,,,,,"[""AT_LOWW_AL_LATI"" ""DE_EDDF_AL_LATI"" ""DE_EDDM_AL_LATI"" ""EL_LGAV_AL_LATI"" ""HU_LHBP_AL_LATI"" ""IT_LIBD_AL_LATI"" ""IT_LIMC_AL_LATI"" ""IT_LIME_AL_LATI"" ""IT_LIMJ_AL_LATI"" ""IT_LIMP_AL_LATI"" ""IT_LIMZ_AL_LATI"" ""IT_LIPE_AL_LATI"" ""IT_LIPH_AL_LATI"" ""IT_LIPK_AL_LATI"" ""IT_LIPR_AL_LATI"" ""IT_LIPX_AL_LATI"" ""IT_LIPY_AL_LATI"" ""IT_LIPZ_AL_LATI"" ""IT_LIRF_AL_LATI"" ""IT_LIRP_AL_LATI"" ""IT_LIRQ_AL_LATI"" ""IT_LIRZ_AL_LATI"" ""SI_LJLJ_AL_LATI"" ""UK_EGKK_AL_LATI""]"
PAS,PAS_CRD,Orlando,1732954,1692441,1581381,1490894,1421555,1428884,1451176,1565179,1693670,1973131,1797996,1757736,1982155,1857285,1498072,1448592,1675647,2038303,1907560,2023341,1866943,1879498,1506695,1541465,1685400,"[""DE_EDDF_US_KMCO"" ""IE_EIDW_US_KMCO"" ""IS_BIKF_US_KMCO"" ""IS_BIKF_US_KSFB"" ""NL_EHAM_US_KORL"" ""UK_EGAA_US_KMCO"" ""UK_EGAA_US_KSFB"" ""UK_EGBB_US_KMCO"" ""UK_EGBB_US_KSFB"" ""UK_EGCC_US_KMCO"" ""UK_EGCC_US_KSFB"" ""UK_EGFF_US_KMCO"" ""UK_EGFF_US_KSFB"" ""UK_EGKK_US_KMCO"" ""UK_EGKK_US_KSFB"" ""UK_EGNT_US_KMCO"" ""UK_EGNT_US_KSFB"" ""UK_EGPF_US_KMCO"" ""UK_EGPF_US_KSFB"" ""UK_EGPK_US_KMCO""]"
PAS,PAS_CRD,Beirut,1597304,1487300,1383373,1231097,1151385,1137011,1120332,1150478,1037231,883655,828531,688338,809002,853525,769698,686972,606714,520479,385987,342896,330988,290203,311005,224165,305320,"[""CY_LCLK_LB_OLBA"" ""DE_EDDF_LB_OLBA"" ""EL_LGAT_LB_OLBA"" ""EL_LGAV_LB_OLBA"" ""FR_LF90_LB_OLBA"" ""FR_LFPG_LB_OLBA"" ""FR_LFPO_LB_OLBA"" ""IT_LIMC_LB_OLBA"" ""IT_LIRF_LB_OLBA"" ""NL_EHAM_LB_OLBA"" ""UK_EGLL_LB_OLBA""]"
PAS,PAS_CRD,Detroit,1486820,1427118,1507383,1420827,1391614,1315989,1224176,1181449,1242370,1667286,1577113,1574167,1699213,1578859,1447148,1417009,1514230,1761066,1651726,1387169,1090807,968965,733220,476283,378314,"[""DE_EDDF_US_KDTW"" ""FR_LF90_US_KDTW"" ""FR_LFPG_US_KDTW"" ""IT_LIRF_US_KDTW"" ""NL_EHAM_US_KDTW"" ""UK_EGKK_US_KDTW"" ""UK_EGLL_US_KDTW""]"
PAS,PAS_CRD,Vancouver,1457140,1430427,1233073,1201461,1074179,1113065,1056567,1025518,1011240,1121215,1150544,1165907,1255863,1034376,968945,870967,971169,1059935,990074,956601,839732,888375,760103,757936,731049,"[""DE_EDDF_CA_CYVR"" ""DE_EDDM_CA_CYVR"" ""FR_LFPG_CA_CYVR"" ""NL_EHAM_CA_CYVR"" ""UK_EGCC_CA_CYVR"" ""UK_EGKK_CA_CYVR"" ""UK_EGLL_CA_CYVR"" ""UK_EGPF_CA_CYVR""]"
PAS,PAS_CRD,Havana,1452175,1396639,1146174,894988,789533,774800,792831,767182,821471,804973,881091,920257,945957,795593,760379,726032,744000,725652,645542,540217,389384,281645,206633,178066,105966,"[""DE_EDDF_CU_MUHA"" ""ES_LEMD_CU_MUHA"" ""FR_LF90_CU_MUHA"" ""FR_LFPG_CU_MUHA"" ""FR_LFPO_CU_MUHA"" ""IT_LIMC_CU_MUHA"" ""IT_LIRF_CU_MUHA"" ""NL_EHAM_CU_MUHA"" ""UK_EGKK_CU_MUHA""]"
PAS,PAS_CRD,Bogota,1423097,1287834,1140482,987041,948539,977714,1039457,825326,792530,750491,173843,173097,144323,112368,98218,86664,,393916,174300,213296,194943,166619,163840,86639,68776,"[""DE_EDDF_CO_SKBO"" ""ES_LEBL_CO_SKBO"" ""ES_LEMD_CO_SKBO"" ""FR_LF90_CO_SKBO"" ""FR_LFPG_CO_SKBO"" ""UK_EGLL_CO_SKBO""]"
PAS,PAS_CRD,Houston,1363826,1503337,1564824,1596924,1507474,1486775,1474151,1460058,1389859,1453248,1472609,1379856,1329052,1250537,1097924,1124355,1070436,1146979,1021010,998250,872708,754068,573163,571826,634504,"[""DE_EDDF_US_KIAH"" ""DE_EDDM_US_KIAH"" ""FR_LF90_US_KIAH"" ""FR_LFPG_US_KIAH"" ""FR_LFPO_US_KIAH"" ""NL_EHAM_US_KIAH"" ""UK_EGKK_US_KIAH"" ""UK_EGLL_US_KIAH""]"
PAS,PAS_CRD,Dallas-Fort Worth,1291533,1216028,1182833,1215558,1209386,1177467,1158247,835830,769407,631614,635546,651793,722434,720603,649756,619227,546225,552679,616203,502894,608804,599693,676300,630281,679523,"[""CH_LSZH_US_KDFW"" ""DE_EDDF_US_KDFW"" ""ES_LEMD_US_KDFW"" ""FR_LF90_US_KDFW"" ""FR_LFPG_US_KDFW"" ""NL_EHAM_US_KDFW"" ""UK_EGKK_US_KDFW"" ""UK_EGLL_US_KDFW""]"
PAS,PAS_CRD,Port Louis,1278866,1344359,1212489,1165601,1155536,1261900,1255193,1137370,1252659,1302337,1185762,1027961,1126140,1091795,1042592,930621,852399,832926,392837,697416,659671,617871,184169,155025,142916,"[""DE_EDDF_MU_FIMP"" ""FR_FMEE_MU_FIMP"" ""FR_FMEP_MU_FIMP"" ""FR_LF90_MU_FIMP"" ""FR_LFPG_MU_FIMP"" ""FR_LFPO_MU_FIMP"" ""IT_LIMC_MU_FIMP"" ""UK_EGKK_MU_FIMP"" ""UK_EGLL_MU_FIMP""]"
PAS,PAS_CRD,Cancún,1273841,1223176,1229377,1192143,1120495,1009947,974334,797067,573026,1094079,1027789,1082582,954596,995397,801504,540894,633704,436229,218893,275195,154967,131266,26703,87320,111601,"[""DE_EDDF_MX_MMUN"" ""ES_LEMD_MX_MMUN"" ""FR_LFPG_MX_MMUN"" ""FR_LFPO_MX_MMUN"" ""IT_LIMC_MX_MMUN"" ""NL_EHAM_MX_MMUN"" ""UK_EGCC_MX_MMUN"" ""UK_EGKK_MX_MMUN""]"
PAS,PAS_CRD,Seattle,1255237,1188376,1110652,984111,875741,822786,804064,715532,671107,809656,552315,565720,543178,523992,338398,339758,367253,487677,437733,354613,214195,214127,204364,202541,196296,"[""DE_EDDF_US_KSEA"" ""DK_EKCH_US_KSEA"" ""FR_LF90_US_KSEA"" ""FR_LFPG_US_KSEA"" ""IS_BIKF_US_KSEA"" ""NL_EHAM_US_KSEA"" ""UK_EGLL_US_KSEA""]"
PAS,PAS_CRD,Rio De Janeiro,1250199,1403111,1435287,1451673,1485846,1497954,1227155,1027308,882907,961056,875632,541473,763249,664485,616479,665604,646916,742463,468577,567198,690994,506876,559443,408494,530118,"[""CH_LSZH_BR_SBGL"" ""DE_EDDF_BR_SBGL"" ""ES_LEBL_BR_SBGL"" ""ES_LEMD_BR_SBGL"" ""FR_LF90_BR_SBGL"" ""FR_LFPG_BR_SBGL"" ""IT_LIMC_BR_SBGL"" ""IT_LIRF_BR_SBGL"" ""NL_EHAM_BR_SBGL"" ""PT_LPPR_BR_SBGL"" ""PT_LPPT_BR_SBGL"" ""UK_EGKK_BR_SBGL"" ""UK_EGLL_BR_SBGL""]"
PAS,PAS_CRD,XK_LYPR,1197693,1144086,1024169,900818,1033556,992582,916190,780833,716700,565993,456082,427116,592683,601109,542125,565445,78468,,,78611,151771,132167,,,,"[""AT_LOWW_XK_LYPR"" ""BE_EBLG_XK_LYPR"" ""CH_LSGG_XK_LYPR"" ""CH_LSZH_XK_LYPR"" ""CH_LSZM_XK_LYPR"" ""DE_EDDL_XK_LYPR"" ""DE_EDDM_XK_LYPR"" ""DE_EDDS_XK_LYPR"" ""FR_LFSB_XK_LYPR"" ""HR_LDZA_XK_LYPR"" ""IT_LIPX_XK_LYPR"" ""SI_LJLJ_XK_LYPR""]"
PAS,PAS_CRD,Muscat,1189823,975433,744023,494260,527677,494814,423521,395981,236256,122909,287232,370490,352899,215610,189261,99952,147009,182896,165126,160028,158705,174046,149423,173012,177573,"[""CH_LSZH_OM_OOMS"" ""DE_EDDF_OM_OOMS"" ""DE_EDDM_OM_OOMS"" ""FR_LFPG_OM_OOMS"" ""IT_LIMC_OM_OOMS"" ""UK_EGLL_OM_OOMS""]"
PAS,PAS_CRD,Punta Cana,1117320,1014507,1086009,975455,752822,781946,763077,757851,751838,807920,942510,892778,871702,678785,727555,432629,554212,401286,342338,160118,74485,96255,85800,52044,41851,"[""BE_EBBR_DO_MDPC"" ""DE_EDDB_DO_MDPC"" ""DE_EDDF_DO_MDPC"" ""DE_EDDK_DO_MDPC"" ""DE_EDDL_DO_MDPC"" ""DE_EDDM_DO_MDPC"" ""DE_EDDP_DO_MDPC"" ""ES_LEMD_DO_MDPC"" ""FR_LFPG_DO_MDPC"" ""FR_LFPO_DO_MDPC"" ""IT_LIMC_DO_MDPC"" ""NL_EHAM_DO_MDPC"" ""UK_EGCC_DO_MDPC"" ""UK_EGKK_DO_MDPC""]"
PAS,PAS_CRD,Minneapolis,1043355,916764,903459,834200,851302,774960,757207,741893,654967,784449,811401,726669,723917,739746,621282,568691,568292,669244,624274,545558,563833,547045,536769,442707,366565,"[""FR_LFPG_US_KMSP"" ""IS_BIKF_US_KMSP"" ""NL_EHAM_US_KMSP"" ""UK_EGKK_US_KMSP"" ""UK_EGLL_US_KMSP""]"
PAS,PAS_CRD,Nairobi,1011095,869862,845488,849201,724892,903779,983833,952735,852936,738582,893697,837793,465827,420283,283980,,,,265326,264626,,,,84909,,"[""CH_LSZH_KE_HKJK"" ""DE_EDDF_KE_HKJK"" ""FR_FMCZ_KE_HKJK"" ""FR_LFPG_KE_HKJK"" ""NL_EHAM_KE_HKJK"" ""UK_EGKK_KE_HKJK"" ""UK_EGLL_KE_HKJK""]"
PAS,PAS_CRD,Tehran,955779,581400,264577,235672,194956,442771,569075,567544,555296,550715,550894,594830,596346,519780,482086,466528,410111,404908,365660,330460,293333,130671,203878,237812,308932,"[""AT_LOWW_IR_OIIE"" ""BG_LBWN_IR_OIIE"" ""DE_EDDF_IR_OIIE"" ""DE_EDDF_IR_OIII"" ""FR_LFPG_IR_OIIE"" ""FR_LFPG_IR_OIII"" ""IT_LIRF_IR_OIIE"" ""IT_LIRF_IR_OIII"" ""NL_EHAM_IR_OIIE"" ""NL_EHAM_IR_OIII"" ""UK_EGLL_IR_OIIE"" ""UK_EGLL_IR_OIII""]"
PAS,PAS_CRD,Kuala Lumpur,938142,857438,1382591,1468783,1504687,1179782,1357763,1287759,1124749,1147749,1197328,1196123,1440280,1244202,1115701,1081229,1094546,1118494,976918,902704,719578,578240,423907,383652,292907,"[""AT_LOWW_MY_WMKK"" ""DE_EDDF_MY_WMKK"" ""FR_LF90_MY_WMKK"" ""FR_LFPG_MY_WMKK"" ""FR_LFPO_MY_WMKK"" ""IT_LIRF_MY_WMKK"" ""NL_EHAM_MY_WMKK"" ""UK_EGCC_MY_WMKK"" ""UK_EGLL_MY_WMKK"" ""UK_EGSS_MY_WMKK""]"
PAS,PAS_CRD,Oran,912089,885369,844412,790401,605957,491738,380419,303084,304426,282413,290019,245940,241052,126264,117317,185843,190147,151860,134379,45882,92870,143677,110301,210392,245121,"[""ES_LEAL_DZ_DAOO"" ""FR_LF90_DZ_DAOO"" ""FR_LFBO_DZ_DAOO"" ""FR_LFLL_DZ_DAOO"" ""FR_LFML_DZ_DAOO"" ""FR_LFOK_DZ_DAOO"" ""FR_LFPG_DZ_DAOO"" ""FR_LFPO_DZ_DAOO"" ""FR_LFQQ_DZ_DAOO""]"
PAS,PAS_CRD,Santiago,892457,795605,612697,604008,594657,566261,542288,493892,470774,663543,257077,167575,134174,120707,97215,134072,101639,99515,92714,84594,,,79748,,44566,"[""CH_LSZH_CL_SCEL"" ""DE_EDDF_CL_SCEL"" ""ES_LEMD_CL_SCEL"" ""FR_LFPG_CL_SCEL"" ""IT_LIMC_CL_SCEL"" ""IT_LIRF_CL_SCEL""]"
PAS,PAS_CRD,Taipei,834013,618209,710759,658841,629725,577577,650673,594652,476603,484430,552950,566378,531845,403990,189230,246723,163654,281041,287552,244510,235216,174871,79248,79045,92960,"[""AT_LOWW_TW_RCTP"" ""DE_EDDF_TW_RCTP"" ""FR_LFPG_TW_RCTP"" ""NL_EHAM_TW_RCTP"" ""UK_EGLL_TW_RCTP""]"
PAS,PAS_CRD,Calgary,827696,760014,673380,681088,628261,631153,671206,690712,604463,675225,538663,443838,424604,408385,383133,367891,368939,413912,389580,356450,336991,275715,211767,96808,87400,"[""DE_EDDF_CA_CYYC"" ""NL_EHAM_CA_CYYC"" ""UK_EGKK_CA_CYYC"" ""UK_EGLL_CA_CYYC""]"
PAS,PAS_CRD,RU_UU99,823522,670144,638494,760271,839529,776924,663653,517487,446570,468015,338112,300601,282155,254865,223388,188851,,,,,,,,,,"[""CZ_LKKV_RU_UU99"" ""CZ_LKPD_RU_UU99"" ""CZ_LKPR_RU_UU99"" ""CZ_LKTB_RU_UU99"" ""IT_LIPY_RU_UU99"" ""SK_LZ99_RU_UU99""]"
PAS,PAS_CRD,Tangier,802225,580697,549711,525505,557575,555293,470005,392299,268675,237389,93448,81107,,,,,,,,,,,,,,"[""BE_EBBR_MA_GMTT"" ""BE_EBCI_MA_GMTT"" ""DE_EDFH_MA_GMTT"" ""DE_EDLV_MA_GMTT"" ""ES_LEBL_MA_GMTT"" ""ES_LEMD_MA_GMTT"" ""FR_LFOB_MA_GMTT"" ""FR_LFPO_MA_GMTT"" ""NL_EHAM_MA_GMTT""]"
PAS,PAS_CRD,Cape Town,773623,539792,603034,608998,558228,641618,761774,760567,824028,991306,1030207,985209,947622,864090,751065,702180,672723,671982,652392,559495,403009,285216,141441,105230,95497,"[""CH_LSZH_ZA_FACT"" ""DE_EDDF_ZA_FACT"" ""FR_LFPG_ZA_FACT"" ""NL_EHAM_ZA_FACT"" ""UK_EGLL_ZA_FACT""]"
PAS,PAS_CRD,Lagos,772185,815381,844415,846227,875394,870972,894089,854194,932296,958551,942995,859897,779902,760767,706995,593719,529281,411594,284230,129394,126408,257642,233447,137834,232954,"[""DE_EDDF_NG_DNMM"" ""FR_LFPG_NG_DNMM"" ""IT_LIRF_NG_DNMM"" ""NL_EHAM_NG_DNMM"" ""UK_EGKK_NG_DNMM"" ""UK_EGLL_NG_DNMM""]"
PAS,PAS_CRD,Charlotte,766696,662000,736033,734854,744026,760691,722050,670120,493078,489562,455320,416291,419594,411565,276352,221835,383242,414150,194836,130793,121538,131087,124822,224068,240151,"[""DE_EDDF_US_KCLT"" ""DE_EDDM_US_KCLT"" ""FR_LF90_US_KCLT"" ""FR_LFPG_US_KCLT"" ""IT_LIRF_US_KCLT"" ""UK_EGKK_US_KCLT"" ""UK_EGLL_US_KCLT""]"
PAS,PAS_CRD,Las Vegas,734510,816396,731454,643156,715730,582197,558947,452378,282334,381201,386503,353783,271545,152046,102216,87753,111254,,,,,,,,,"[""DE_EDDF_US_KLAS"" ""UK_EGCC_US_KLAS"" ""UK_EGKK_US_KLAS"" ""UK_EGLL_US_KLAS""]"
PAS,PAS_CRD,Rabat,721626,609855,417433,421584,307775,300378,346033,320622,306392,283358,209882,163624,82684,,,,77456,133496,113741,101651,98995,97241,68525,66045,,"[""BE_EBCI_MA_GMME"" ""DE_EDLV_MA_GMME"" ""ES_LEGE_MA_GMME"" ""ES_LEMD_MA_GMME"" ""FR_LF90_MA_GMME"" ""FR_LFML_MA_GMME"" ""FR_LFOB_MA_GMME"" ""FR_LFPG_MA_GMME"" ""FR_LFPO_MA_GMME""]"
PAS,PAS_CRD,Tocumen,713796,673212,543143,480628,349660,317885,254298,134328,201983,87864,94710,114331,,,,,,,,,,,,,,"[""DE_EDDF_PA_MPTO"" ""ES_LEMD_PA_MPTO"" ""FR_LFPG_PA_MPTO"" ""NL_EHAM_PA_MPTO""]"
PAS,PAS_CRD,Amman,694933,508789,576949,622732,580493,573041,643601,593516,483669,493901,447426,418389,478750,392377,304507,295285,215032,362751,314604,207243,214247,210346,232093,90600,140657,"[""AT_LOWW_JO_OJAI"" ""CY_LCPH_JO_OJAI"" ""DE_EDDF_JO_OJAI"" ""FR_LF90_JO_OJAM"" ""FR_LFPG_JO_OJAI"" ""FR_LFPG_JO_OJAM"" ""FR_LFPO_JO_OJAM"" ""IT_LIRF_JO_OJAI"" ""NL_EHAM_JO_OJAI"" ""UK_EGLL_JO_OJAI""]"
PAS,PAS_CRD,Osaka,689829,647421,717394,803447,829946,807917,781478,779157,736473,669258,780740,789604,800767,845676,665917,899273,741739,805389,842930,1023345,1242413,858135,438868,83927,,"[""AT_LOWW_JP_RJOO"" ""CH_LSZH_JP_RJBB"" ""DE_EDDF_JP_RJBB"" ""DE_EDDF_JP_RJOO"" ""FI_EFHK_JP_RJBB"" ""FR_LF90_JP_RJOO"" ""FR_LFPG_JP_RJBB"" ""FR_LFPG_JP_RJOO"" ""IT_LIMC_JP_RJBB"" ""IT_LIRF_JP_RJBB"" ""NL_EHAM_JP_RJBB"" ""UK_EGLL_JP_RJBB""]"
PAS,PAS_CRD,Addis Ababa,689407,589737,517268,493176,404983,462453,469249,273336,207211,202591,106001,98479,106330,112463,111640,116883,117700,89695,75147,,90044,81026,,,,"[""DE_EDDF_ET_HAAB"" ""FR_LFPG_ET_HAAB"" ""IT_LIRF_ET_HAAB"" ""UK_EGLL_ET_HAAB""]"
PAS,PAS_CRD,Dakar,683682,683383,690221,474984,538415,554891,496493,411744,484499,541307,553567,540432,553881,472584,490663,440034,469126,402302,386617,351737,335696,314890,259315,230734,240127,"[""BE_EBBR_SN_GOOY"" ""ES_LEMD_SN_GOOY"" ""FR_LF90_SN_GOOY"" ""FR_LFBO_SN_GOOY"" ""FR_LFLL_SN_GOOY"" ""FR_LFPG_SN_GOBD"" ""FR_LFPG_SN_GOOY"" ""FR_LFPO_SN_GOBD"" ""FR_LFPO_SN_GOOY"" ""FR_LFRS_SN_GOOY"" ""IT_LIRF_SN_GOOY""]"
PAS,PAS_CRD,Denver,670981,507481,495049,447183,440536,366799,367007,442727,516360,571623,501392,410945,402393,400170,318833,276887,305216,203969,171979,,,,,82483,96480,"[""CH_LSZH_US_KDEN"" ""DE_EDDF_US_KDEN"" ""DE_EDDM_US_KDEN"" ""IS_BIKF_US_KDEN"" ""UK_EGKK_US_KDEN"" ""UK_EGLL_US_KDEN""]"
PAS,PAS_CRD,Kuwait City,629804,417155,397640,404356,404324,368577,456822,376379,375772,384270,466595,479723,467504,476395,294025,210404,186956,194089,198505,178796,182196,176961,188087,178996,161459,"[""DE_EDDF_KW_OKBK"" ""NL_EHAM_KW_OKBK"" ""UK_EGLL_KW_OKBK""]"
PAS,PAS_CRD,Guangzhou,625897,558585,572175,547137,522440,373017,306968,158016,207048,211760,226751,220104,179788,123263,,,,,,,,,,,,"[""DE_EDDF_CN_ZGGG"" ""FR_LFPG_CN_ZGGG"" ""NL_EHAM_CN_ZGGG"" ""UK_EGLL_CN_ZGGG""]"
PAS,PAS_CRD,Bridgetown,610491,591135,573561,547985,492569,465659,530969,529045,591145,597639,615356,588834,524009,541837,439499,435564,568189,464600,392913,303990,249144,225678,197614,180859,147532,"[""FR_TFFF_BB_TBPB"" ""UK_EGCC_BB_TBPB"" ""UK_EGKK_BB_TBPB""]"
PAS,PAS_CRD,Jeddah,563809,597696,569394,498535,440396,411472,400137,379773,271294,235869,148279,134632,130733,154454,136212,148847,143917,169898,166077,175207,184615,173628,171784,173143,163755,"[""DE_EDDF_SA_OEJN"" ""FR_LFPG_SA_OEJN"" ""UK_EGCC_SA_OEJN"" ""UK_EGLL_SA_OEJN""]"
PAS,PAS_CRD,Accra,548073,520818,471203,386317,401833,409514,458397,349738,318262,313585,374874,395684,375742,297108,300317,360864,208427,92833,157695,82765,83036,,,,,"[""BE_EBBR_GH_DGAA"" ""CH_LSZH_GH_DGAA"" ""DE_EDDF_GH_DGAA"" ""NL_EHAM_GH_DGAA"" ""UK_EGKK_GH_DGAA"" ""UK_EGLL_GH_DGAA""]"
PAS,PAS_CRD,Agadir,545122,352050,422868,457503,404265,418284,512404,355554,180820,90305,100008,99459,98451,,,,,,,,,,,,,"[""BE_EBBR_MA_GMAD"" ""DE_EDDP_MA_GMAD"" ""DE_EDLV_MA_GMAD"" ""FR_LFPG_MA_GMAD"" ""FR_LFPO_MA_GMAD"" ""FR_LFRS_MA_GMAD"" ""LU_ELLX_MA_GMAD"" ""UK_EGKK_MA_GMAD""]"
PAS,PAS_CRD,Fes,534767,458764,442357,359031,384971,432307,460653,383633,294251,234460,86948,78287,85914,,,,,,,,,,,,,"[""BE_EBCI_MA_GMFF"" ""DE_EDFH_MA_GMFF"" ""DE_EDLV_MA_GMFF"" ""ES_LEGE_MA_GMFF"" ""FR_LFML_MA_GMFF"" ""FR_LFMT_MA_GMFF"" ""FR_LFOB_MA_GMFF"" ""FR_LFPO_MA_GMFF"" ""FR_LFQQ_MA_GMFF"" ""FR_LFTW_MA_GMFF""]"
PAS,PAS_CRD,Riyadh,529843,511308,539383,520826,473690,447316,411145,368786,223722,92217,81007,,,89936,92025,105059,107416,106670,102385,108705,96282,,,,,"[""DE_EDDF_SA_OERK"" ""DE_EDDF_SA_OERY"" ""FR_LFPG_SA_OERK"" ""UK_EGLL_SA_OERK""]"
PAS,PAS_CRD,Bangalore,528147,498127,508795,507580,516480,503701,506946,476625,544726,484216,507106,401946,141820,128584,83532,,,,,,,,,,,"[""DE_EDDF_IN_VOBG"" ""DE_EDDF_IN_VOBL"" ""FR_LFPG_IN_VOBG"" ""FR_LFPG_IN_VOBL"" ""NL_EHAM_IN_VOBL"" ""UK_EGLL_IN_VOBG"" ""UK_EGLL_IN_VOBL""]"
PAS,PAS_CRD,Chişinău,485663,286598,193745,195521,154415,108632,103175,145625,104424,100951,105451,,,,,,,,,,,,,,,"[""AT_LOWW_MD_LUKK"" ""DE_EDDM_MD_LUKK"" ""FR_LFOB_MD_LUKK"" ""IT_LIMP_MD_LUKK"" ""IT_LIPE_MD_LUKK"" ""IT_LIPH_MD_LUKK"" ""IT_LIPX_MD_LUKK"" ""RO_LROP_MD_LUKK"" ""RO_LRTR_MD_LUKK"" ""UK_EGGW_MD_LUKK""]"
PAS,PAS_CRD,AE_OM99,475616,426051,331827,262247,245762,234375,188019,91516,,,,,,,,,,,,,,,,,,"[""CZ_LKPR_AE_OM99""]"
PAS,PAS_CRD,AN_TNCC,472153,470012,459426,426102,390266,388041,408791,392432,387141,337090,302235,272540,270765,288053,328843,287164,270911,177362,182575,190848,183991,180629,188648,181107,,"[""NL_EHAM_AN_TNCC""]"
PAS,PAS_CRD,IL_LL99,439118,372918,316270,263977,236485,233883,239389,243118,240069,213238,179863,172950,171831,179590,184210,221116,,,,,,,,,,"[""CZ_LKPR_IL_LL99""]"
PAS,PAS_CRD,PE_SPJC,437451,350772,128313,119551,120286,133047,,,,,,,,,,,,,,,,,,,,"[""FR_LFPG_PE_SPJC"" ""NL_EHAM_PE_SPJC""]"
PAS,PAS_CRD,Gibraltar,433672,326025,252570,243837,236818,226656,299501,189967,302360,356264,295723,300363,292520,258928,257220,207626,161148,208084,128187,162506,29129,78121,76234,92719,,"[""UK_EGCC_GI_LXGB"" ""UK_EGGW_GI_LXGB"" ""UK_EGKK_GI_LXGB"" ""UK_EGLL_GI_LXGB""]"
PAS,PAS_CRD,Nador,431278,325346,287934,416929,411729,341215,239743,111304,,76523,,,,,,,,,,,,,,,,"[""BE_EBAW_MA_GMMW"" ""BE_EBBR_MA_GMMW"" ""BE_EBCI_MA_GMMW"" ""DE_EDFH_MA_GMMW"" ""DE_EDLV_MA_GMMW"" ""ES_LEBL_MA_GMMW"" ""ES_LERS_MA_GMMW"" ""FR_LFMT_MA_GMMW"" ""NL_EHAM_MA_GMMW""]"
PAS,PAS_CRD,Manama,418434,363983,282835,386740,384044,527934,568714,622036,750389,755518,647273,751278,541668,432194,364425,304468,223193,219099,216995,216979,183355,187776,208243,147991,140061,"[""DE_EDDF_BH_OBBI"" ""EL_LGAV_BH_OBBI"" ""FR_LFPG_BH_OBBI"" ""NL_EHAM_BH_OBBI"" ""UK_EGLL_BH_OBBI""]"
PAS,PAS_CRD,Minsk,415582,314273,330591,386213,322273,245452,207020,107719,,78089,77952,,,,,,19984,,,19259,,,92590,84772,,"[""AT_LOWW_BY_UMMS"" ""BG_LBBG_BY_UMMS"" ""BG_LBWN_BY_UMMS"" ""DE_EDDF_BY_UMMM"" ""DE_EDDF_BY_UMMS"" ""IT_LIPN_BY_UMMM"" ""IT_LIPO_BY_UMMM"" ""ME_LYTV_BY_UMMS"" ""PL_EPWA_BY_UMMS""]"
PAS,PAS_CRD,Djerba,410984,321189,416832,885305,846214,967051,805263,1299107,1408369,1486378,1451786,1309125,1359309,1069707,820318,812435,948080,947304,937016,905531,563138,491621,359564,452795,345531,"[""BE_EBBR_TN_DTTJ"" ""BE_EBLG_TN_DTTJ"" ""CH_LSZM_TN_DTTJ"" ""DE_EDDB_TN_DTTJ"" ""DE_EDDF_TN_DTTJ"" ""DE_EDDL_TN_DTTJ"" ""DE_EDDN_TN_DTTJ"" ""DE_EDDP_TN_DTTJ"" ""DE_EDVV_TN_DTTJ"" ""FR_LF90_TN_DTTJ"" ""FR_LFJL_TN_DTTJ"" ""FR_LFLL_TN_DTTJ"" ""FR_LFML_TN_DTTJ"" ""FR_LFPG_TN_DTTJ"" ""FR_LFPO_TN_DTTJ"" ""FR_LFQQ_TN_DTTJ"" ""FR_LFRG_TN_DTTJ"" ""FR_LFRS_TN_DTTJ"" ""FR_LFSB_TN_DTTJ"" ""FR_LFST_TN_DTTJ"" ""IT_LIMC_TN_DTTJ"" ""IT_LIME_TN_DTTJ"" ""IT_LIPE_TN_DTTJ"" ""IT_LIPN_TN_DTTJ"" ""IT_LIPX_TN_DTTJ"" ""LU_ELLX_TN_DTTJ"" ""SI_LJLJ_TN_DTTJ""]"
PAS,PAS_CRD,EG_HE99,402628,177593,227047,234071,186921,261339,289375,428658,635885,833065,555272,336710,434179,405297,182861,124558,,,,,,,,,,"[""CZ_LKMT_EG_HE99"" ""CZ_LKPR_EG_HE99"" ""CZ_LKTB_EG_HE99"" ""IT_LIPE_EG_HE99"" ""IT_LIPX_EG_HE99"" ""IT_LIPY_EG_HE99"" ""SK_LZ99_EG_HE99""]"
PAS,PAS_CRD,Santo Domingo,397685,480967,446290,241938,244256,350143,353616,429039,325366,321069,539520,501925,385934,371190,390127,387965,360923,390135,249582,359176,293391,221129,32715,154801,178836,"[""ES_LEMD_DO_MDSD"" ""FR_LF90_DO_MDSD"" ""FR_LFPG_DO_MDSD"" ""FR_TFFR_DO_MDSD"" ""IT_LIMC_DO_MDHE"" ""IT_LIMC_DO_MDSD""]"
PAS,PAS_CRD,Islamabad,391746,414971,248924,315212,372645,367840,413488,413240,421831,516726,468280,439293,405085,296742,229366,198993,154505,145639,175061,131632,128011,125650,117857,110870,104517,"[""UK_EGBB_PK_OPRN"" ""UK_EGCC_PK_OPRN"" ""UK_EGLL_PK_OPRN"" ""UK_EGNM_PK_OPRN""]"
PAS,PAS_CRD,San Jose,390825,297459,219448,208171,188253,199376,192588,194487,178354,206044,173436,147422,121104,82558,83120,,,,,,,,27011,43404,,"[""DE_EDDF_US_KSJC"" ""ES_LEBL_CR_MRPV"" ""ES_LEMD_CR_MROC"" ""NL_EHAM_CR_MROC"" ""UK_EGLL_US_KSJC""]"
PAS,PAS_CRD,Salt Lake City,380713,252600,128812,127877,124644,118962,117221,112908,95357,,,,,,,,,,,,,,,,,"[""FR_LFPG_US_KSLC"" ""NL_EHAM_US_KSLC"" ""UK_EGLL_US_KSLC""]"
PAS,PAS_CRD,Abidjan,379792,289423,248368,294300,210372,186417,119901,165005,168008,153248,133143,119310,104939,138449,146521,198145,193219,208067,234679,211031,202791,220717,143779,124068,128452,"[""BE_EBBR_CI_DIAP"" ""FR_LF90_CI_DIAP"" ""FR_LFBD_CI_DIAP"" ""FR_LFPG_CI_DIAP"" ""FR_LFPO_CI_DIAP""]"
PAS,PAS_CRD,ZZ_ZZZZ,375202,173890,389571,205228,224449,365146,357866,482826,457355,393737,241252,689189,183676,62433,150937,20159,,583094,,,17958736,17220330,,284446,,"[""BE_EBBR_ZZ_ZZZZ"" ""BE_EBLG_ZZ_ZZZZ"" ""CZ_LKPR_ZZ_ZZZZ"" ""DK_EKBI_ZZ_ZZZZ"" ""EL_LGAT_ZZ_ZZZZ"" ""EL_LGIR_ZZ_ZZZZ"" ""EL_LGKF_ZZ_ZZZZ"" ""EL_LGKO_ZZ_ZZZZ"" ""EL_LGKR_ZZ_ZZZZ"" ""EL_LGKV_ZZ_ZZZZ"" ""EL_LGPZ_ZZ_ZZZZ"" ""EL_LGRP_ZZ_ZZZZ"" ""EL_LGSA_ZZ_ZZZZ"" ""EL_LGSK_ZZ_ZZZZ"" ""EL_LGSM_ZZ_ZZZZ"" ""EL_LGSR_ZZ_ZZZZ"" ""EL_LGTS_ZZ_ZZZZ"" ""EL_LGZA_ZZ_ZZZZ"" ""ES_LEGE_ZZ_ZZZZ"" ""ES_LEZG_ZZ_ZZZZ"" ""IE_EICK_ZZ_ZZZZ"" ""IE_EIKN_ZZ_ZZZZ"" ""IT_LICC_ZZ_ZZZZ"" ""IT_LICR_ZZ_ZZZZ"" ""IT_LICT_ZZ_ZZZZ"" ""IT_LIEA_ZZ_ZZZZ"" ""IT_LIMC_ZZ_ZZZZ"" ""IT_LIPE_ZZ_ZZZZ"" ""IT_LIPH_ZZ_ZZZZ"" ""IT_LIPZ_ZZ_ZZZZ"" ""IT_LIRA_ZZ_ZZZZ"" ""LT_EYVI_ZZ_ZZZZ"" ""PL_EPGD_ZZ_ZZZZ"" ""PL_EPKK_ZZ_ZZZZ"" ""RO_LRCL_ZZ_ZZZZ"" ""RO_LROP_ZZ_ZZZZ"" ""RO_LRTM_ZZ_ZZZZ"" ""RO_LRTR_ZZ_ZZZZ"" ""UK_EGNH_ZZ_ZZZZ"" ""UK_EGNJ_ZZ_ZZZZ"" ""UK_EGPD_ZZ_ZZZZ"" ""UK_EGPM_ZZ_ZZZZ"" ""UK_EGSH_ZZ_ZZZZ""]"
PAS,PAS_CRD,Oujda,350939,311630,267604,264502,266477,190523,204723,213399,189423,188103,165538,98290,,,,,,,,,,,,,,"[""BE_EBCI_MA_GMFO"" ""DE_EDLV_MA_GMFO"" ""FR_LFPG_MA_GMFO"" ""FR_LFPO_MA_GMFO""]"
PAS,PAS_CRD,Monastir,317068,140539,132643,313232,323293,464878,296823,1350749,1832822,2166095,2125110,2005715,1951202,1785943,1176131,1404024,2195624,2417599,2235032,1725077,1791402,1586141,1607703,1840104,1712009,"[""AT_LOWS_TN_DTMB"" ""BE_EBBR_TN_DTMB"" ""BE_EBLG_TN_DTMB"" ""CH_LSZM_TN_DTMB"" ""DE_EDDB_TN_DTMB"" ""DE_EDDC_TN_DTMB"" ""DE_EDDE_TN_DTMB"" ""DE_EDDF_TN_DTMB"" ""DE_EDDG_TN_DTMB"" ""DE_EDDH_TN_DTMB"" ""DE_EDDK_TN_DTMB"" ""DE_EDDL_TN_DTMB"" ""DE_EDDM_TN_DTMB"" ""DE_EDDN_TN_DTMB"" ""DE_EDDP_TN_DTMB"" ""DE_EDDR_TN_DTMB"" ""DE_EDDS_TN_DTMB"" ""DE_EDDV_TN_DTMB"" ""DE_EDDW_TN_DTMB"" ""DE_EDLP_TN_DTMB"" ""DE_EDVV_TN_DTMB"" ""DK_EKBI_TN_DTMB"" ""ES_LEBB_TN_DTMB"" ""FR_LF90_TN_DTMB"" ""FR_LFBD_TN_DTMB"" ""FR_LFBO_TN_DTMB"" ""FR_LFJL_TN_DTMB"" ""FR_LFLL_TN_DTMB"" ""FR_LFPG_TN_DTMB"" ""FR_LFPO_TN_DTMB"" ""FR_LFQQ_TN_DTMB"" ""FR_LFRG_TN_DTMB"" ""FR_LFRS_TN_DTMB"" ""FR_LFSB_TN_DTMB"" ""HU_LHBP_TN_DTMB"" ""IT_LIMC_TN_DTMB"" ""IT_LIPE_TN_DTMB"" ""IT_LIPN_TN_DTMB"" ""IT_LIPX_TN_DTMB"" ""IT_LIRA_TN_DTMB"" ""LT_EYKA_TN_DTMB"" ""LT_EYVI_TN_DTMB"" ""LU_ELLX_TN_DTMB"" ""NL_EHAM_TN_DTMB"" ""PL_EPKT_TN_DTMB"" ""PL_EPPO_TN_DTMB"" ""PL_EPWA_TN_DTMB"" ""PL_EPWR_TN_DTMB"" ""RO_LRBS_TN_DTMB"" ""SK_LZIB_TN_DTMB"" ""UK_EGBB_TN_DTMB"" ""UK_EGCC_TN_DTMB"" ""UK_EGFF_TN_DTMB"" ""UK_EGGD_TN_DTMB"" ""UK_EGGW_TN_DTMB"" ""UK_EGKK_TN_DTMB"" ""UK_EGNX_TN_DTMB"" ""UK_EGPF_TN_DTMB""]"
PAS,PAS_CRD,Hanoi,306550,295692,304577,304073,306997,299802,256927,241571,202501,203700,205389,118866,114914,111583,91814,111972,,,,,,,,,,"[""DE_EDDF_VN_VVNB"" ""FR_LFPG_VN_VVNB""]"
PAS,PAS_CRD,Sarajevo,303731,267866,253035,173680,52348,60062,60635,57478,76887,85921,23708,21899,23681,26066,,,,,,,,,,,,"[""AT_LOWW_BA_LQSA"" ""DE_EDDM_BA_LQSA"" ""HR_LDZA_BA_LQSA"" ""SI_LJLJ_BA_LQSA""]"
PAS,PAS_CRD,Tuzla,299127,186759,118020,118948,22399,,,,,,,,,,,,,,,,,,,,,"[""DE_EDFH_BA_LQTZ"" ""DE_EDJA_BA_LQTZ"" ""DE_EDLW_BA_LQTZ"" ""DE_EDNY_BA_LQTZ"" ""FR_LFSB_BA_LQTZ"" ""SE_ESGP_BA_LQTZ"" ""SE_ESKN_BA_LQTZ"" ""SE_ESMS_BA_LQTZ"" ""SE_ESMX_BA_LQTZ""]"
PAS,PAS_CRD,Chennai,297271,293497,293104,303583,284825,372716,382539,369942,359709,510146,427411,371444,310532,221796,179876,107210,103079,178311,103325,75030,,,,,,"[""BE_EBBR_IN_VOMM"" ""DE_EDDF_IN_VOMM"" ""FR_LFPG_IN_VOMM"" ""UK_EGLL_IN_VOMM""]"
PAS,PAS_CRD,Montego Bay,296808,216862,287630,175576,165610,148085,183415,187468,162950,265779,230504,111420,,,77199,,145196,163291,146728,129401,159011,157678,141366,147640,97139,"[""IT_LIMC_JM_MKJS"" ""UK_EGCC_JM_MKJS"" ""UK_EGKK_JM_MKJS""]"
PAS,PAS_CRD,Guayaquil,282868,283024,271101,269257,365184,274175,232107,204175,287298,301733,327865,239522,230052,147058,,,,,,,107702,,,,,"[""ES_LEMD_EC_SEGU"" ""NL_EHAM_EC_SEGU""]"
PAS,PAS_CRD,Douala,281476,262569,286857,128674,132121,150455,137556,122046,120237,125021,151389,137210,144383,138971,159032,176155,151052,126308,98454,100992,92388,92838,92502,79369,77217,"[""BE_EBBR_CM_FKKD"" ""FR_LF90_CM_FKKD"" ""FR_LFPG_CM_FKKD""]"
PAS,PAS_CRD,Astana,280631,107030,103789,117683,122871,113419,111301,106642,85130,,,,,,,,,,,,,,,,,"[""DE_EDDF_KZ_UACC"" ""IT_LIRN_KZ_UACC""]"
PAS,PAS_CRD,Manila,273462,271357,238797,259162,155638,164102,239806,246035,249689,242436,218013,178819,,,,,,,,93350,,,,,,"[""NL_EHAM_PH_RPLL"" ""UK_EGLL_PH_RPLL""]"
PAS,PAS_CRD,Ho Chi Minh City,270727,261042,270844,293506,294806,282691,277898,242854,214748,223556,218605,152498,152441,138394,98365,118807,,,78925,89217,79082,82055,,,,"[""DE_EDDF_VN_VVTS"" ""FR_LF90_VN_VVTS"" ""FR_LFPG_VN_VVTS""]"
PAS,PAS_CRD,Oakland,266885,,,,,,,,,,,,,,,,,,,,,,,,,"[""ES_LEBL_US_KOAK"" ""UK_EGKK_US_KOAK""]"
PAS,PAS_CRD,Caracas,265649,320840,325640,512363,944413,917444,915874,856370,904423,908118,896655,806659,798755,685387,585569,700550,554995,344834,273489,232221,293464,289901,378191,337540,304448,"[""DE_EDDF_VE_SVMI"" ""ES_LEMD_VE_SVMI"" ""ES_LEST_VE_SVMI"" ""FR_LF90_VE_SVMI"" ""FR_LFPG_VE_SVMI"" ""IT_LIMC_VE_SVMI"" ""IT_LIRF_VE_SVMI"" ""NL_EHAM_VE_SVMI"" ""PT_LPFU_VE_SVMI"" ""PT_LPMA_VE_SVMI"" ""PT_LPPR_VE_SVMI"" ""PT_LPPT_VE_SVMI""]"
PAS,PAS_CRD,Zandery,263205,253867,262059,251626,256480,259687,267195,264784,256755,270302,266145,238907,242245,217279,198085,176970,155830,134304,145296,139916,117234,102469,84260,,,"[""NL_EHAM_SR_SMJP""]"
PAS,PAS_CRD,Sydney,261176,290552,304131,346121,513231,639121,786893,817927,853074,955624,935112,1054609,1070923,827457,689294,118303,,93311,528269,532832,97868,93032,84635,80877,79486,"[""AT_LOWW_AU_YSSY"" ""DE_EDDF_AU_YSSY"" ""FR_FMEE_AU_YSSY"" ""NL_EHAM_AU_YSSY"" ""UK_EGLL_AU_YSSY""]"
PAS,PAS_CRD,Baltimore,260868,253527,170276,112870,113595,110268,108552,96948,107628,111049,197072,212164,214699,252369,181478,75382,137680,113645,119730,119138,114137,124938,127918,99020,105861,"[""IE_EINN_US_KBWI"" ""IS_BIKF_US_KBWI"" ""UK_EGKK_US_KBWI"" ""UK_EGLL_US_KBWI""]"
PAS,PAS_CRD,Tampa,256348,269311,158156,149961,155789,160339,150513,117719,123484,121459,124477,123905,126116,146898,145774,122407,101567,119880,151988,115912,81401,,,,,"[""DE_EDDF_US_KTPA"" ""UK_EGKK_US_KTPA""]"
PAS,PAS_CRD,Antananarivo,255420,247180,250008,252323,262122,281240,263698,223528,180224,311441,248704,243560,228322,204797,193944,50270,212606,237467,211940,188929,158871,138344,82015,,,"[""FR_FMEE_MG_FMMI"" ""FR_LF90_MG_FMMI"" ""FR_LFPG_MG_FMMI"" ""FR_LFPO_MG_FMMI""]"
PAS,PAS_CRD,Benguela,243939,397555,281966,,,,,,,,,,,,,,,,,,,,,,,"[""PT_LPPT_AO_FNBG""]"
PAS,PAS_CRD,Jakarta,234883,210280,186301,178283,140224,130366,151988,110305,,,,75210,85159,143053,159746,151693,126930,135447,128307,109251,136771,115507,131008,130828,115637,"[""NL_EHAM_ID_WIII""]"
PAS,PAS_CRD,Marsa Alam,232873,27699,106679,325807,167104,229263,162843,341944,246883,156061,234862,192189,198466,181783,111811,,,,,,,,,,,"[""DE_EDDL_EG_HEMA"" ""DE_EDDN_EG_HEMA"" ""DE_EDDP_EG_HEMA"" ""IT_LIMC_EG_HEMA"" ""IT_LIME_EG_HEMA"" ""IT_LIPE_EG_HEMA"" ""IT_LIPX_EG_HEMA"" ""PL_EPKT_EG_HEMA""]"
PAS,PAS_CRD,Raleigh/Durham,224865,111152,115279,117996,121745,121850,110658,107076,101986,92654,114641,108425,109608,108698,104323,108111,91427,100011,90615,91509,91753,89805,83913,46567,,"[""FR_LFPG_US_KRDU"" ""FR_LFPO_US_KRDU"" ""UK_EGKK_US_KRDU"" ""UK_EGLL_US_KRDU""]"
PAS,PAS_CRD,AO_FNAN,222549,,,423873,387209,370932,354574,345438,355909,316061,268183,174207,156866,143943,135252,135293,124569,116929,,,,,,,,"[""PT_LPPT_AO_FNAN""]"
PAS,PAS_CRD,Phoenix,220180,216719,216935,211304,204863,181021,179016,156275,171024,172672,178892,185490,191136,183484,252511,216828,225240,167395,159311,138320,81854,,,,,"[""DE_EDDF_US_KPHX"" ""UK_EGKK_US_KPHX"" ""UK_EGLL_US_KPHX""]"
PAS,PAS_CRD,Colombo,218075,388212,403441,478911,429577,437347,411094,329409,255458,359811,411251,371909,350437,575911,340234,305458,197397,298197,270189,116526,104503,80642,179856,167035,80420,"[""CH_LSZH_LK_VCBI"" ""DE_EDDF_LK_VCBI"" ""FR_LFPG_LK_VCBI"" ""IT_LIRF_LK_VCBI"" ""NL_EHAM_LK_VCBI"" ""UK_EGLL_LK_VCBI""]"
PAS,PAS_CRD,Montevideo,213837,204744,182060,116755,,136519,131591,129303,108362,137354,153225,136900,122473,89455,,,,,,,,,55173,47592,50164,"[""ES_LEMD_UY_SUMU""]"
PAS,PAS_CRD,UA_UK99,205150,133391,99042,117395,155298,193851,223422,202281,196689,207944,195386,148107,100288,90095,87403,,,,,,,,,,,"[""CZ_LKPR_UA_UK99""]"
PAS,PAS_CRD,KR_RK99,200408,187758,185853,170507,130374,98378,82036,77088,,84871,85886,87808,,,140591,138762,88073,,,,,,,,,"[""CZ_LKPR_KR_RK99"" ""NL_EHAM_KR_RK99""]"
PAS,PAS_CRD,Nis,197058,61954,,,,,,,,,,,,,,,,,,,,,,,,"[""DE_EDJA_RS_LYNI"" ""DE_EDLV_RS_LYNI"" ""DE_EDLW_RS_LYNI"" ""FR_LFSB_RS_LYNI"" ""SE_ESMS_RS_LYNI"" ""SK_LZIB_RS_LYNI""]"
PAS,PAS_CRD,Sétif,193956,,179928,169317,174558,165011,158680,75097,,,,,,,,,,,,,,,,,,"[""FR_LFLL_DZ_DAAS"" ""FR_LFPO_DZ_DAAS""]"
PAS,PAS_CRD,Vieux Fort,184477,120632,,,,101120,142713,139296,147690,139091,141083,134505,139961,149202,140374,95800,116937,135317,134899,106910,98519,85020,,,,"[""UK_EGKK_LC_TLPL""]"
PAS,PAS_CRD,San Diego,174586,196067,177623,173431,173128,173633,100982,,,,,,,,90715,197613,117063,82411,86710,75256,82139,,,,,"[""BE_EBBR_US_KSAN"" ""CH_LSZH_US_KSAN"" ""UK_EGKK_US_KSAN"" ""UK_EGLL_US_KSAN""]"
PAS,PAS_CRD,Santa Cruz,174368,168588,161111,142189,116142,,117574,111712,89003,,85774,,,,,,,,,,,,,,,"[""ES_LEMD_BO_SLVR""]"
PAS,PAS_CRD,BR_SBRE,170932,127739,149633,152236,148157,147272,148343,146987,118542,128229,140618,137575,152031,85136,,,,,,,,,,,,"[""PT_LPPT_BR_SBRE""]"
PAS,PAS_CRD,RU_UL99,170593,132823,107639,158321,163194,150579,130858,98477,77688,83087,80969,85769,75958,,,,,,,,,,,,,"[""CZ_LKKV_RU_UL99"" ""CZ_LKPD_RU_UL99"" ""CZ_LKPR_RU_UL99""]"
PAS,PAS_CRD,Espargos,167670,,78621,,,,,,,,141808,,,,,,,,,17931,,,,,,"[""IT_LIME_CV_GVAC"" ""NL_EHAM_CV_GVAC"" ""PT_LPPT_CV_GVAC"" ""UK_EGKK_CV_GVAC""]"
PAS,PAS_CRD,Cali,164553,189547,119137,,102920,,,,,,,,,,,,,,,,,,,,,"[""ES_LEMD_CO_SKCL""]"
PAS,PAS_CRD,US_KZMA,164420,124289,100295,97824,80540,,,,,,,,,,,,,,,,351428,343494,287557,208856,,"[""DE_EDDF_US_KZMA"" ""PT_LPPT_US_KZMA""]"
PAS,PAS_CRD,SN_GOOO,163824,127966,98476,97924,109673,105216,99667,97076,99333,93178,82266,,,,,,,,,,,,,,,"[""PT_LPPT_SN_GOOO""]"
PAS,PAS_CRD,Windhoek,160711,177328,155097,131282,116117,148075,127018,128314,126431,121118,97347,96738,88336,91854,91200,77337,,87907,82498,84044,83201,,,,,"[""DE_EDDF_NA_FYWH""]"
PAS,PAS_CRD,St. John's,158955,152851,108406,95045,96187,113840,150771,158307,201532,214986,223579,203181,207419,230086,196213,176584,152069,170582,169733,120109,129206,128239,101982,110985,95037,"[""FR_TFFR_AG_TAPA"" ""UK_EGKK_AG_TAPA""]"
PAS,PAS_CRD,Portland,158065,158626,151475,147168,149919,134671,125502,113485,84341,221135,150327,139149,125286,123873,105474,,,,,,,,,,,"[""DE_EDDF_US_KPDX"" ""NL_EHAM_US_KPDX""]"
PAS,PAS_CRD,Senou,152154,152691,148163,137196,112838,106278,136162,143914,148169,145085,141443,141374,136033,136810,135751,145777,115894,107330,90162,83311,77934,,,,,"[""FR_LF90_ML_GABS"" ""FR_LFPG_ML_GABS""]"
PAS,PAS_CRD,Campinas,151796,77268,,,,,,,,,,,,,,,,,,,,,,,,"[""PT_LPPT_BR_SBKP""]"
PAS,PAS_CRD,Constantine,149934,366284,151304,149357,138731,127943,129144,117457,113599,113747,115520,101956,118514,111448,86778,95623,164032,148805,140138,128269,145430,164900,142704,190231,256466,"[""FR_LF90_DZ_DABC"" ""FR_LFLL_DZ_DABC"" ""FR_LFML_DZ_DABC"" ""FR_LFPO_DZ_DABC"" ""FR_LFSB_DZ_DABC""]"
PAS,PAS_CRD,Béjaïa,148985,146970,144559,144054,143321,136139,129025,112114,119743,108702,,83699,102338,87839,,,,,,,27319,41137,,,,"[""FR_LFLL_DZ_DAAE"" ""FR_LFPO_DZ_DAAE""]"
PAS,PAS_CRD,Oranjestad,148093,130190,116022,111632,115877,121581,124173,122057,116728,127300,125977,137958,134790,124914,115453,105284,103576,100311,95531,94969,87728,87668,,75314,,"[""NL_EHAM_AW_TNCA""]"
PAS,PAS_CRD,BR_SBWZ,146836,130817,148835,161192,157262,155406,151694,150546,135379,142430,135766,124991,145323,103944,,,,,,,,,,,,"[""PT_LPPT_BR_SBWZ""]"
PAS,PAS_CRD,Melbourne,142615,134547,139556,141842,230969,242901,403827,355318,324349,440406,386608,349680,305539,275133,260033,,,,232811,210498,,,,,,"[""UK_EGLL_AU_YMML""]"
PAS,PAS_CRD,BR_SBXS,141991,122346,134896,147782,147101,145668,146653,149359,135228,130277,143247,162212,155188,136679,98493,,,,,,,,,,,"[""PT_LPPT_BR_SBXS""]"
PAS,PAS_CRD,Denpasar-Bali Island,140819,138360,120600,116017,119830,108577,86180,,,,,,,,,,,,,,,,,,,"[""NL_EHAM_ID_WADD""]"
PAS,PAS_CRD,Hyderabad,136468,135936,136114,143357,118150,100348,95966,186380,227541,281409,267001,210344,,,,,,,,,,,,,,"[""DE_EDDF_IN_VOHY"" ""NL_EHAM_IN_VOHY"" ""UK_EGLL_IN_VOHS""]"
PAS,PAS_CRD,CN_ZB99,136286,,,,,,,,,,,,,,,,,,,,,,,,,"[""CZ_LKPR_CN_ZB99""]"
PAS,PAS_CRD,Belo Horizonte,134810,108898,125994,135696,131455,135833,131636,112108,84823,77068,,,,,,,,,,,,,,,,"[""PT_LPPT_BR_SBCF""]"
PAS,PAS_CRD,BR_SBWR,134050,120687,127176,143121,151465,150234,151246,146171,123877,116441,,,,,,,,,,,,,,,,"[""PT_LPPT_BR_SBWR""]"
PAS,PAS_CRD,Tokoname,133832,127357,253544,248375,273273,269734,266012,98029,,81029,,,,,,,,,,,,,,,,"[""DE_EDDF_JP_RJGG"" ""FI_EFHK_JP_RJGG""]"
PAS,PAS_CRD,Austin,128887,130614,124495,97539,,,,,,,,,,,,,,,,,,,,,,"[""UK_EGLL_US_KAUS""]"
PAS,PAS_CRD,Libreville,126539,124923,149123,161549,144000,125510,114881,130366,128295,131718,118805,106530,111093,123741,128856,136438,120012,111596,114680,122628,106852,92603,83975,79967,85009,"[""FR_LF90_GA_FOOL"" ""FR_LFPG_GA_FOOL""]"
PAS,PAS_CRD,Kangerlussuaq,126441,120417,109828,104129,107535,106611,105043,103898,108782,114662,105582,97206,89565,83080,,,,,,,,,,,,"[""DK_EKCH_GL_BGSF""]"
PAS,PAS_CRD,Xiamen,123546,114632,89147,,,76489,,,,,,,,,,,,,,,,,,,,"[""NL_EHAM_CN_ZSAM""]"
PAS,PAS_CRD,Arusha,119681,108158,103126,98531,104390,109921,110622,105791,94705,105599,102653,99328,87104,,,,,,,,,,,,,"[""NL_EHAM_TZ_HTKJ""]"
PAS,PAS_CRD,Lviv,118969,85115,,52832,68365,55906,22190,28641,45421,22482,,,,,,,,,,,,,,,,"[""DE_EDLW_UA_UKLL"" ""IT_LIPH_UA_UKLL"" ""PL_EPWA_UA_UKLL"" ""RO_LRTR_UA_UKLL""]"
PAS,PAS_CRD,Kampala,116571,105393,118848,102805,103746,88475,82207,89911,91458,88126,,,,,,,,,,,,,,,,"[""NL_EHAM_UG_HUEN""]"
PAS,PAS_CRD,AN_TNCM,116168,149893,145276,140800,140160,135708,234753,225024,225611,241261,254113,256978,248130,244560,248470,256951,137910,247573,193061,181469,178227,179532,57678,48837,78402,"[""FR_LF90_AN_TNCM"" ""FR_LFPG_AN_TNCM"" ""FR_LFPO_AN_TNCM"" ""FR_TFFF_AN_TNCM"" ""FR_TFFJ_AN_TNCM"" ""FR_TFFR_AN_TNCM""]"
PAS,PAS_CRD,TN_DT99,115874,,,166756,178908,143640,123323,132702,208682,305560,358345,301295,362186,312972,203960,139776,,,,,,,,,10131,"[""CZ_LKMT_TN_DT99"" ""CZ_LKPR_TN_DT99"" ""CZ_LKTB_TN_DT99"" ""DK_EKBI_TN_DT99"" ""IT_LIPE_TN_DT99"" ""IT_LIPX_TN_DT99"" ""SK_LZ99_TN_DT99""]"
PAS,PAS_CRD,Papeete,114723,115872,111258,111788,109990,103238,75602,80252,78230,79228,85648,150059,166398,162183,156470,115039,161423,178866,,152741,,,,,,"[""FR_LF90_PF_NTAA"" ""FR_LFPG_PF_NTAA"" ""FR_LFPO_PF_NTAA""]"
PAS,PAS_CRD,Ottawa,113286,115498,112635,191812,209496,214864,215922,123517,121934,129548,127582,124199,119871,112473,119727,116018,108863,110924,145440,133314,135496,136282,115728,103216,,"[""DE_EDDF_CA_CYOW"" ""UK_EGLL_CA_CYOW""]"
PAS,PAS_CRD,Cincinnati,112841,108380,112965,113498,117872,120523,109651,121362,119396,334335,347775,523824,631843,444326,473102,515549,443798,506320,704039,694548,585082,500045,452193,361830,259803,"[""BE_EBBR_US_KCVG"" ""CH_LSZH_US_KCVG"" ""DE_EDDF_US_KCVG"" ""FR_LF90_US_KCVG"" ""FR_LFPG_US_KCVG"" ""FR_LFPO_US_KCVG"" ""IT_LIRF_US_KCVG"" ""NL_EHAM_US_KCVG"" ""UK_EGKK_US_KCVG""]"
PAS,PAS_CRD,Fort Lauderdale,112394,,,,,,,,,,,,,,,,,,,,,,,,,"[""UK_EGKK_US_KFLL""]"
PAS,PAS_CRD,Tlemcen,110169,106339,103671,105940,111725,102890,97448,92226,91568,75456,,,,,,,,,,,,,,,,"[""FR_LFPO_DZ_DAON""]"
PAS,PAS_CRD,Medellín,109387,,,,,,,,,,,,,,,,,,,,,,,,,"[""ES_LEMD_CO_SKRG""]"
PAS,PAS_CRD,CV_GVSC,107579,116247,95980,89874,88591,77814,89268,87150,83344,130995,,167448,170149,125118,,137420,123075,109823,99886,,,,51302,51486,50942,"[""PT_LPPT_CV_GVSC""]"
PAS,PAS_CRD,AN_TNCB,105775,92491,76967,,,,,,,,,,,,,,,,,,,,,,,"[""NL_EHAM_AN_TNCB""]"
PAS,PAS_CRD,Cotonou,102097,104328,101865,99063,99247,102783,103252,102761,105886,96410,91128,87815,92801,88930,97851,95504,,,,,,,,,,"[""FR_LFPG_BJ_DBBB""]"
PAS,PAS_CRD,Praia,100714,145861,130141,,,,,,,,,,,,,,,,,,,,,,,"[""PT_LPPT_CV_GVNP""]"
PAS,PAS_CRD,Yaoundé,100524,96808,87070,107162,182279,169570,75065,,,,,,,,,,,,,,,,,,,"[""BE_EBBR_CM_FKYS"" ""FR_LFPG_CM_FKYS""]"
PAS,PAS_CRD,Yekaterinburg,98525,88767,,20761,65354,21621,,,,,,,,,,,,,,,,,,,,"[""BG_LBBG_RU_USSS"" ""CY_LCLK_RU_USSS"" ""CY_LCPH_RU_USSS"" ""IT_LIPR_RU_USSS""]"
PAS,PAS_CRD,Abuja,98457,106766,133971,230839,231663,221855,156352,141551,123195,124744,111793,108738,94134,86377,,,,,,,,,,,,"[""DE_EDDF_NG_DNAA"" ""UK_EGLL_NG_DNAA""]"
PAS,PAS_CRD,Hamilton,98227,91991,92674,90418,94099,89037,92823,97787,102712,100207,99037,97488,82070,77836,76909,82072,75853,81577,78510,78582,,,,,,"[""UK_EGKK_BM_TXKF""]"
PAS,PAS_CRD,Kingston,97515,84898,86131,86327,75254,92384,119212,129118,145308,148295,185534,136360,236808,247474,191332,183863,97508,105298,76056,,,,,,78298,"[""UK_EGKK_JM_MKJP"" ""UK_EGLL_JM_MKJP""]"
PAS,PAS_CRD,Nanjing,97283,82236,97090,,,,79100,,,,,,,,,,,,,,,,,,,"[""DE_EDDF_CN_ZSNJ""]"
PAS,PAS_CRD,Chengdu,95923,78032,77962,76767,77860,77234,76736,,,,,,,,,,,,,,,,,,,"[""NL_EHAM_CN_ZUUU""]"
PAS,PAS_CRD,Cordoba,93116,,,,,,,,,,,,,,,,,,,,,,,,,"[""ES_LEMD_AR_SACO""]"
PAS,PAS_CRD,Lomé,93071,96695,92260,90484,89775,87018,77796,,,,,,,78551,,,,,,,,,,,,"[""FR_LFPG_TG_DXXX""]"
PAS,PAS_CRD,Almaty,92351,82139,82051,163024,168381,155372,156385,77576,79450,185714,201235,190619,173655,104148,92795,77130,77728,,,,132456,54675,110243,80130,26265,"[""DE_EDDF_KZ_UAAA"" ""DE_EDVV_KZ_UAAA"" ""NL_EHAM_KZ_UAAA""]"
PAS,PAS_CRD,Edmonton,91282,83082,65900,52999,93514,96995,99564,97105,103967,118946,104681,,,,,,,,,,,,,,,"[""IS_BIKF_CA_CYEG"" ""NL_EHAM_CA_CYEG"" ""UK_EGLL_CA_CYEG""]"
PAS,PAS_CRD,Ouagadougou,91027,84341,89314,92204,96747,99296,97675,103340,104662,102504,97872,91481,94113,97085,90810,85173,,,,,,,,,,"[""FR_LFPG_BF_DFFD""]"
PAS,PAS_CRD,Conakry,88202,86905,,,80053,86067,80546,,,,,,,,,,,,,,,,,,,"[""FR_LFPG_GN_GUCY""]"
PAS,PAS_CRD,Lahore,86489,75075,95362,86492,88740,87508,98496,93546,89193,96782,85202,94212,97998,90765,103723,83266,90210,,,,,,,,,"[""UK_EGLL_PK_OPLA""]"
PAS,PAS_CRD,Hartford,83489,,,,,,,,,,,,,,,,,,,,,,,,,"[""IE_EIDW_US_KBDL""]"
PAS,PAS_CRD,Tbilisi,82759,75361,,,,,,,,,,,,,,,,,,,,,,,,"[""DE_EDDM_GE_UGTB""]"
PAS,PAS_CRD,Annaba,80860,77953,,,,,,,,,,,,,,,43751,,,,,31544,31811,33857,42102,"[""FR_LFML_DZ_DABB""]"
PAS,PAS_CRD,CV_GVPR,80187,,,115814,103941,109348,114837,110296,105596,103723,,,,,,,,,,,,,,,,"[""PT_LPPT_CV_GVPR""]"
PAS,PAS_CRD,Guatemala City,79227,105514,99504,95287,91528,93180,,76128,,,,,,,,,,,,,,,,,,"[""ES_LEMD_GT_MGGT""]"
PAS,PAS_CRD,Halifax,78785,77811,84120,86320,91980,91922,92645,94521,98151,108155,116762,116077,116290,113116,85336,79170,86909,100229,87969,87452,84588,84491,76709,,,"[""UK_EGLL_CA_CYHZ""]"
PAS,PAS_CRD,Dar es Salaam,78739,,94204,194485,186761,198403,192897,178080,173038,172101,94097,,,,,,,,,,,,,,,"[""CH_LSZH_TZ_HTDA"" ""NL_EHAM_TZ_HTDA""]"
PAS,PAS_CRD,Bandar Seri Begawan,78340,77577,85594,93026,100743,104449,123606,150186,112262,107058,103632,114346,111818,101663,75827,,,92929,106020,84107,103513,,,,,"[""UK_EGLL_BN_WBSB""]"
PAS,PAS_CRD,Amritsar,76931,,,,,103252,,,,155039,82425,,,,,,,,,,,,,,,"[""SK_LZIB_IN_VIAR"" ""UK_EGBB_IN_VIAR"" ""UK_EGLL_IN_VIAR""]"
PAS,PAS_CRD,Yerevan,76583,76642,77931,76697,78062,75119,,,,,,,,,,,,,,,,,,,,"[""AT_LOWW_AM_UDYZ""]"
PAS,PAS_CRD,Varadero,76524,,,,,,,76968,,79110,81101,,75619,,77327,28658,35748,41827,29277,79297,116500,124435,107201,89406,77300,"[""DE_EDDB_CU_MUVR"" ""DE_EDDF_CU_MUVR"" ""DE_EDDK_CU_MUVR"" ""ES_LEBL_CU_MUVR"" ""IT_LIMC_CU_MUVR"" ""IT_LIPN_CU_MUVR""]"
PAS,PAS_CRD,Kutaisi,57425,,,,,,,,,,,,,,,,,,,,,,,,,"[""DE_EDJA_GE_UGKO"" ""DE_EDLW_GE_UGKO""]"
PAS,PAS_CRD,Nosy Be,37786,33543,27916,22137,26895,23632,,,,,,,,,,,,,,,,,,,,"[""FR_FMEE_MG_FMNN""]"
PAS,PAS_CRD,Port-au-Prince,35303,34021,39199,40851,41197,43967,50947,48825,45786,34823,33098,31704,24778,27860,29939,30210,28709,24990,28060,,,15170,,,,"[""FR_TFFR_HT_MTPP""]"
PAS,PAS_CRD,Castries,24515,27344,26368,27091,27851,28570,25178,27881,28000,30741,26893,24017,27668,37053,36561,41019,44401,47614,54005,51730,53151,58708,,,,"[""FR_TFFF_LC_TLPC""]"
PAS,PAS_CRD,Moroni,24162,,,,,,,,,,,,,,,,,,,,,,,,,"[""FR_FMCZ_KM_FMCH""]"
PAS,PAS_CRD,Ouani,20368,29382,27256,29133,,,,,,,,,,,,,,,,,,,,,,"[""FR_FMCZ_KM_FMCV""]"
PAS,PAS_CRD,TN_DTNH,20344,,79106,558082,345916,27219,,,,,,,,,,,,,,,,,,,,"[""DE_EDDP_TN_DTNH"" ""LU_ELLX_TN_DTNH"" ""UK_EGBB_TN_DTNH"" ""UK_EGCC_TN_DTNH"" ""UK_EGFF_TN_DTNH"" ""UK_EGKK_TN_DTNH"" ""UK_EGNT_TN_DTNH"" ""UK_EGNX_TN_DTNH""]"
PAS,PAS_CRD,RU_UW99,18245,,,94696,124777,95304,,,,,,,,,,,,,,,,,,,,"[""CZ_LKPD_RU_UW99"" ""CZ_LKPR_RU_UW99""]"
PAS,PAS_CRD,,16969,16720,16172,17426,,20383,20259,216933,536196,734031,679805,613348,588121,444021,392890,252548,279148,329433,283576,232620,326253,314549,272737,351805,282677,"[""DE_EDDL_MA_GMAA"" ""DE_EDDN_MA_GMAA"" ""DE_EDDP_MA_GMAA"" ""FR_FMCZ_MG_FMNM"" ""FR_FMEE_MG_FMMT"" ""FR_LF90_IN_VIDD"" ""FR_LF90_MA_GMAA"" ""FR_LFPG_AE_OMAD"" ""FR_LFPG_IN_VIDD"" ""FR_LFPG_MA_GMAA"" ""FR_LFPO_MA_GMAA"" ""FR_LFRS_MA_GMAA"" ""IT_LIMC_MA_GMAA"" ""UK_EGKK_MA_GMAA"" ""UK_EGLL_SA_OEDR""]"
PAS,PAS_CRD,Birmingham,,,,,,,,,,,,,,,,,,209638,,,,,,,,"[""PT_LPFR_US_KBHM"" ""PT_LPFU_US_KBHM""]"
PAS,PAS_CRD,MA_GM90,,,,,,,,,,,,,,,,,,,106168,,,,,,,"[""DE_EDDF_MA_GM90""]"
PAS,PAS_CRD,Rio Hondo,,,,,,,,,,,,,,,,,,,,,48976,56630,71901,92992,53164,"[""IT_LIMC_AR_SANH"" ""IT_LIPE_AR_SANH"" ""IT_LIPN_AR_SANH""]"
PAS,PAS_CRD,Brisbane,,,,,,,,,,,,,,,,,,,89063,85601,,,,,,"[""UK_EGLL_AU_YBBN""]"
PAS,PAS_CRD,AU_AS90,,,,,,,,,,,,,,,,,,,,,,,,,75090,"[""IT_LIRF_AU_AS90""]"
PAS,PAS_CRD,AU_ASSY,,,,,,,,,,,,,,,,439999,491069,515109,,,377677,407107,456376,302254,282103,"[""IT_LIRF_AU_ASSY"" ""UK_EGLL_AU_ASSY""]"
PAS,PAS_CRD,Mahe Island,,,,,,,92152,92630,93789,102756,104264,100595,93246,92978,90903,96613,81796,87150,77895,,,,,,,"[""FR_LF90_SC_FSIA"" ""FR_LFPG_SC_FSIA""]"
PAS,PAS_CRD,Memphis,,,,,,,105175,127974,155192,173032,161684,172891,170532,166102,151890,154273,167764,187874,184081,173204,162577,143546,,,,"[""NL_EHAM_US_KMEM""]"
PAS,PAS_CRD,St Louis,,,,,,,,,,,,,,,,100826,111219,136084,146297,244010,176064,193605,157912,148962,177733,"[""FR_LF90_US_KSTL"" ""UK_EGKK_US_KSTL""]"
PAS,PAS_CRD,Fort Myers,,82830,75416,79128,75572,,83395,90436,78600,,,,,,,,,,,,,,,,,"[""DE_EDDL_US_KRSW""]"
PAS,PAS_CRD,ZA_FAJB,,,,,,,,,,,,,,,,,,56708,,,,,,,,"[""PT_LPPT_ZA_FAJB""]"
PAS,PAS_CRD,DO_MD99,,,,,,,,,111003,,,,,,,,,,,,77577,,85599,,,"[""DE_EDDL_DO_MD99"" ""ES_LEMD_DO_MD99"" ""IT_LIMC_DO_MD99""]"
PAS,PAS_CRD,CN_ZSSA,,,,,,,,728048,673748,667470,728845,738828,618626,499121,312344,302703,261567,206490,146425,101437,,,,,,"[""AT_LOWW_CN_ZSSA"" ""DE_EDDF_CN_ZSSA"" ""DE_EDDM_CN_ZSSA""]"
PAS,PAS_CRD,Isla Margarita,,,,,,,,,,,,,,,,,,,75878,,,,,,,"[""NL_EHAM_VE_SVMG""]"
PAS,PAS_CRD,PE_SPLI,,,,,,,,,,,,,,,,,,122496,104147,,,,,,,"[""ES_LEMD_PE_SPLI""]"
PAS,PAS_CRD,Nouméa,,,,,,,,21013,,,,,,,,,,95193,,96182,,,,,,"[""FR_FMEE_NC_NWWW"" ""FR_LF90_NC_NWWW""]"
PAS,PAS_CRD,GE_UGGG,,,,,,,,41318,,,,,,,,,,,,,,,,,,"[""LV_EVRA_GE_UGGG""]"
PAS,PAS_CRD,RU_UU04,,,,,,,,,,,,,,,,,26314,,,,10106,,,,,"[""IT_LIPR_RU_UU04""]"
PAS,PAS_CRD,RU_ULLL,,,,,,,,,,,,,,,,,,,,,121378,117259,86120,84216,80755,"[""FR_LF90_RU_ULLL"" ""FR_LFPG_RU_ULLL"" ""IT_LIPR_RU_ULLL""]"
PAS,PAS_CRD,Barcelona,,,,,,,,,,,,,,,,,,315457,,,,,,,,"[""PT_LPPR_VE_SVBC"" ""PT_LPPT_VE_SVBC""]"
PAS,PAS_CRD,San Juan,,,,,,49904,61353,60969,43078,41273,45001,27174,131499,131614,31800,106324,35961,41856,194698,80980,78520,80842,,,,"[""ES_LEMD_PR_TJSJ"" ""FR_TFFF_PR_TJSJ"" ""FR_TFFR_PR_TJSJ""]"
PAS,PAS_CRD,CA_CY90,,,,,,,,,,,,,,,,,,,,,,,87032,102813,82630,"[""DE_EDDF_CA_CY90""]"
PAS,PAS_CRD,AU_AMML,,,,,,,,,,,,,,,,253085,235407,243025,,,262650,179297,282124,239705,237601,"[""IT_LIRF_AU_AMML"" ""UK_EGLL_AU_AMML""]"
PAS,PAS_CRD,CN_ZS90,,,,,,,,,,,,,,,,,,,,,75415,,,,,"[""DE_EDDF_CN_ZS90""]"
PAS,PAS_CRD,ID_WIID,,,,,,,,,,,,,,,,,,,90836,97851,,,,,,"[""DE_EDDF_ID_WIID""]"
PAS,PAS_CRD,Malé,,,,,,81236,176318,206302,178989,209973,232353,241134,171182,271858,280551,154150,149936,84494,80819,95780,60982,60357,39137,29129,36545,"[""IT_LIMC_MV_VRMM"" ""UK_EGKK_MV_VRMM""]"
PAS,PAS_CRD,Lima,,,754833,810962,803146,804448,766553,708717,651499,608145,542007,506773,453793,332956,302284,286636,268305,118591,90746,85156,,,,,,"[""ES_LEMD_PE_SPIM"" ""NL_EHAM_PE_SPIM""]"
PAS,PAS_CRD,BY_UM99,,,,,,,,,,87826,,,,,,,,,,,,,,,,"[""CZ_LKPR_BY_UM99""]"
PAS,PAS_CRD,BR_SBXT,,,,,76465,75979,82344,85020,79203,88325,113482,115597,107184,,,,,,,,,,,,,"[""PT_LPPT_BR_SBXT""]"
PAS,PAS_CRD,La Romana,,,78992,,,,76123,,,,,79375,207030,193318,227327,,,,,,,,,,,"[""FR_LFPO_DO_MDLR"" ""IT_LIMC_DO_MDBC"" ""IT_LIMC_DO_MDLR""]"
PAS,PAS_CRD,CA_CUUP,,,,,,,,107878,100384,,,,,,,,,,,,,,,,,"[""DE_EDDF_CA_CUUP""]"
PAS,PAS_CRD,Hangzhou,,,76818,,77782,89117,82429,,,,,,,,,,,,,,,,,,,"[""NL_EHAM_CN_ZSHC""]"
PAS,PAS_CRD,Chernivtsi,,,,,,22346,24642,20080,,,,,,,,,,,,,,,,,,"[""RO_LRTR_UA_UKLN""]"
PAS,PAS_CRD,ID_WRRR,,,,,,,,,,,,,,,,,,,,,,76798,156793,,,"[""DE_EDDF_ID_WRRR"" ""NL_EHAM_ID_WRRR""]"
PAS,PAS_CRD,IR_OITO,,,,,,,,,,,,,,,,,,,,,,,,,396448,"[""DE_EDDF_IR_OITO"" ""DE_EDDK_IR_OITO"" ""DE_EDDL_IR_OITO""]"
PAS,PAS_CRD,Dallas,,,,,,,,301112,303978,313972,321174,319941,305806,300950,292168,278650,240925,282891,257025,240220,106020,,93449,101121,114456,"[""DE_EDDF_US_KDAL"" ""FR_LF90_US_KDAL"" ""FR_LFPO_US_KDAL""]"
PAS,PAS_CRD,Scarborough,,,81558,,,,,,,,87817,,,79587,,88091,,,,,,,,,,"[""UK_EGKK_TT_TTCP""]"
PAS,PAS_CRD,Cleveland,,,,,,,,,,,,,,,,,,90811,,,,,,,,"[""UK_EGKK_US_KCLE""]"
PAS,PAS_CRD,Brazzaville,,76442,97299,89573,82496,,,,,,,,,,,,,,,,,,,,,"[""FR_LFPG_CG_FCBB""]"
PAS,PAS_CRD,BR_SBWJ,,,,,,,,,,,,224920,182069,172676,,,,,,,,,,,,"[""PT_LPPR_BR_SBWJ"" ""PT_LPPT_BR_SBWJ""]"
PAS,PAS_CRD,Tula,,,,,,,,,,,,,,,,,,58045,50235,,,,203483,152124,105185,"[""EL_LGAT_RU_UUWV"" ""EL_LGTS_RU_UUWV""]"
PAS,PAS_CRD,Chaoyang,,,,,,,,,,,,,,,,,,460551,,,,,,,205577,"[""EL_LGAT_CN_ZYCY""]"
PAS,PAS_CRD,MU_FI99,,,,,,,,,,93583,92783,,,,,,,,,,,,,,,"[""IT_LIMC_MU_FI99""]"
PAS,PAS_CRD,Maputo,,,83313,78166,81681,,,,,,,,,,,,,42805,,,,,41188,40279,45668,"[""PT_LPPT_MZ_FQMA""]"
PAS,PAS_CRD,Auckland,,,125887,126413,151110,210581,257504,364165,409406,364676,343517,214786,188606,180342,202261,129724,153856,199826,187722,177521,156399,145484,125363,100334,106079,"[""UK_EGKK_NZ_NZAA"" ""UK_EGLL_NZ_NZAA""]"
PAS,PAS_CRD,US_K999,,85952,,,,105604,143891,142327,197926,206046,254762,223627,162507,154915,134160,110040,,,,,,,,,,"[""CZ_LKPR_US_K999""]"
PAS,PAS_CRD,Quito,,118898,113907,117334,107267,80418,83994,132430,101323,83286,82308,86978,,,161321,162560,97925,93051,,,,,,,,"[""ES_LEMD_EC_SEQU"" ""NL_EHAM_EC_SEQM"" ""NL_EHAM_EC_SEQU""]"
PAS,PAS_CRD,Baku,,,82685,81297,78021,,,,,,,,,,,,,,,,,,,,,"[""UK_EGLL_AZ_UBBB""]"
PAS,PAS_CRD,RU_ULTT,,,,,,,,,,,,,172693,,,,,,,,,,,,,"[""UK_EGKK_RU_ULTT"" ""UK_EGSS_RU_ULTT""]"
PAS,PAS_CRD,Phuket,,,,76703,91490,213015,234289,190090,191915,194459,,,,,,,,,,,,,,,,"[""FI_EFHK_TH_VTSP"" ""SE_ESSA_TH_VTSP""]"
PAS,PAS_CRD,Ahmedabad,,,,,,,,,110808,,,,,,,,,,,,,,,,,"[""UK_EGLL_IN_VAAH""]"
PAS,PAS_CRD,Damascus,,,,,,,,177295,85241,,,44262,,234090,57720,94882,,,,,,,,,,"[""AT_LOWW_SY_OSDI"" ""CY_LCLK_SY_OSDI"" ""NL_EHAM_SY_OSDI"" ""UK_EGLL_SY_OSDI""]"
PAS,PAS_CRD,AR_SABA,,,,,,,,184423,164337,157602,98761,80567,117495,134233,80148,128329,151298,141025,119048,94609,,,,,,"[""DE_EDDF_AR_SABA""]"
PAS,PAS_CRD,US_KFWH,,,,,,,,,,,,,,,,,,,,,,104366,,,,"[""FR_LF90_US_KFWH""]"
PAS,PAS_CRD,RU_UU90,,,,,,,,,,,,,,,,,,,,729814,676253,677601,687828,660211,772923,"[""DE_EDDB_RU_UU90"" ""DE_EDDF_RU_UU90"" ""DE_EDDH_RU_UU90"" ""DE_EDDK_RU_UU90"" ""DE_EDDL_RU_UU90"" ""DE_EDDM_RU_UU90"" ""DE_EDVV_RU_UU90""]"
PAS,PAS_CRD,DO_MDCS,,,,,,,,,,,,,,,,,,,,,,,97039,,,"[""ES_LEMD_DO_MDCS""]"
PAS,PAS_CRD,BA_LQBU,,,,,119272,119763,121517,106217,94470,106895,103480,90390,91252,100072,79359,,,,,,,,,,,"[""AT_LOWW_BA_LQBU""]"
PAS,PAS_CRD,GH_DGAC,,,,,,,,,,,,,,,,,,,,,,,21324,,,"[""ES_LEBL_GH_DGAC""]"
PAS,PAS_CRD,CU_MU99,,,,,,,,,,,,,,,,,,,,,,,38986,,,"[""ES_LEBL_CU_MU99""]"
PAS,PAS_CRD,Durban,,,,,,,,,,,,,,,,,,,,135828,129650,109723,89817,82208,77274,"[""UK_EGLL_ZA_FADN""]"
PAS,PAS_CRD,Saint George's,,,98985,87297,76934,98963,75457,,75641,79131,83747,,,,,,,,,,,,,,,"[""UK_EGKK_GD_TGPY""]"
PAS,PAS_CRD,US_KA90,,,,,,,,,,,,,,,,,,,,,766246,601774,633055,587226,561586,"[""DE_EDDF_US_KA90"" ""DE_EDDL_US_KA90"" ""DE_EDDM_US_KA90""]"
PAS,PAS_CRD,Paramaribo,,,,,,,,,,,,,,,,,,16478,19928,19999,,,,,,"[""FR_SOCA_SR_SMZO""]"
PAS,PAS_CRD,US_KA91,,,,,,,,,,,,,,,,,,,649418,454938,406672,432568,451918,375669,340461,"[""DE_EDDF_US_KA91"" ""DE_EDDM_US_KA91""]"
PAS,PAS_CRD,Rostov-on-Don,,,,,,21382,21951,,,,,,,,,,,,,,,,,,,"[""IT_LIPR_RU_URRR""]"
PAS,PAS_CRD,Fukuoka,,,,91211,,,,,,,,,,,,,,,,,,,,,,"[""NL_EHAM_JP_RJFF""]"
PAS,PAS_CRD,BR_SB90,,,,,,,,,,,,,,,,,,,,,228788,170094,168753,155952,112442,"[""DE_EDDF_BR_SB90""]"
PAS,PAS_CRD,EG_HE02,,,,,,,,,58982,,,,,,,,,,,,,,,,,"[""UK_EGNX_EG_HE02""]"
PAS,PAS_CRD,MA_GMMM,,,,,,,,,,,,,,,,,,,,,,,69839,,,"[""ES_LEMD_MA_GMMM""]"
PAS,PAS_CRD,TN_DTNZ,,,,221864,241410,607049,65481,,,,,,,,,,,,,,,,,,,"[""DE_EDDL_TN_DTNZ"" ""DE_EDDP_TN_DTNZ"" ""NL_EHAM_TN_DTNZ"" ""PL_EPKT_TN_DTNZ"" ""PL_EPPO_TN_DTNZ"" ""UK_EGCC_TN_DTNZ"" ""UK_EGFF_TN_DTNZ"" ""UK_EGKK_TN_DTNZ"" ""UK_EGNT_TN_DTNZ"" ""UK_EGNX_TN_DTNZ""]"
PAS,PAS_CRD,Kabul,,,,,,,,78394,,,,,,,,,,,,,,,,,,"[""DE_EDDF_AF_OAKB""]"
PAS,PAS_CRD,Tripoli,,,,61317,98868,66791,,362634,263204,151009,120061,44817,47958,54487,67129,76205,105414,,,,,,,,,"[""FR_LFPG_LY_HLLT"" ""IT_LIRF_LY_HLLT"" ""MT_LMML_LY_HLLT"" ""UK_EGKK_LY_HLLT""]"
PAS,PAS_CRD,Fussa,,,,,,,,,,,,,,,,,,,,,,81098,,80555,91945,"[""ES_LEMD_JP_RJTY""]"
PAS,PAS_CRD,Luanda,,,126687,,,,,,,,,,,,,,,,106069,122763,102611,92369,84085,78482,87848,"[""PT_LPPT_AO_FNLU""]"
PAS,PAS_CRD,CA_C999,,,,,,,,,,,,,98044,85059,76285,,,,,,,,,,,"[""CZ_LKPR_CA_C999""]"
PAS,PAS_CRD,JP_RJ90,,,,,,,,,,,,,,,,,,,,,509250,498669,497085,451484,383312,"[""DE_EDDF_JP_RJ90""]"
PAS,PAS_CRD,Puerto Plata,,,,,,,,,170647,213042,236807,267752,478070,456253,415307,215576,335911,421457,495392,504253,477208,424769,258682,220041,178838,"[""BE_EBBR_DO_MDPP"" ""DE_EDDB_DO_MDPP"" ""DE_EDDF_DO_MDPP"" ""DE_EDDK_DO_MDPP"" ""DE_EDDL_DO_MDPP"" ""DE_EDDM_DO_MDPP"" ""DE_EDDP_DO_MDPP"" ""ES_LEMD_DO_MDPP"" ""FR_LFPO_DO_MDPP"" ""FR_LFSB_DO_MDPP"" ""IT_LIMC_DO_MDPP"" ""UK_EGCC_DO_MDPP"" ""UK_EGKK_DO_MDPP""]"
PAS,PAS_CRD,Recife,,,,,,,,,,,,,,,113586,102116,112608,92941,,,,,48538,42905,31509,"[""PT_LPPT_BR_SBRF""]"
PAS,PAS_CRD,Port of Spain,,86121,178170,154409,164873,159535,96381,,,,,118652,135061,142962,113996,90044,112700,122429,104730,104214,108429,104800,111470,120304,132274,"[""UK_EGKK_TT_TTPP"" ""UK_EGLL_TT_TTPP""]"
PAS,PAS_CRD,Pittsburgh,,,,,,,,,,,,,,125663,126561,343332,346799,255359,326022,208504,215082,216363,223920,223065,118020,"[""DE_EDDF_US_KPIT"" ""FR_LF90_US_KPIT"" ""FR_LFPG_US_KPIT"" ""IS_BIKF_US_KPIT"" ""UK_EGKK_US_KPIT""]"
PAS,PAS_CRD,RU_US99,,,,100253,103900,98074,91064,,,,,,,,,,,,,,,,,,,"[""CZ_LKKV_RU_US99"" ""CZ_LKPD_RU_US99"" ""CZ_LKPR_RU_US99""]"
PAS,PAS_CRD,Belém,,26736,,,,,,,,,19242,18601,20554,23505,22416,18271,17869,19341,16734,15425,,,,,,"[""FR_SOCA_BR_SBBE""]"
PAS,PAS_CRD,RU_UNNN,,,,,,,,,,,,,,,,,,,,42533,52494,48449,,,,"[""DE_EDVV_RU_UNNN""]"
PAS,PAS_CRD,Tashkent,,,,,,,,,,,,,,76769,,,,,,,,,,,,"[""UK_EGLL_UZ_UTTT""]"
PAS,PAS_CRD,Malabo,,80042,84882,86990,76550,,,,,,,,,,,,,,,,,,,,,"[""ES_LEMD_GQ_FGSL""]"
PAS,PAS_CRD,RU_UUUU,,,,,,,,,,,,,77771,76454,,,,,,,,,,,,"[""EL_LGAV_RU_UUUU""]"
PAS,PAS_CRD,US_KD90,,,,,,,,,,,,,,,,,,,,,318896,298374,293584,191409,201689,"[""DE_EDDF_US_KD90""]"
PAS,PAS_CRD,CL_SCSC,,,,,,,,,,,339447,341700,290591,223291,228547,202584,230263,192020,173969,139861,109507,91521,,66106,,"[""ES_LEMD_CL_SCSC""]"
PAS,PAS_CRD,Karachi,,,,,,,,,,,,,,,,,,75116,,,,,97021,79030,,"[""UK_EGLL_PK_OPKC""]"
PAS,PAS_CRD,EG_HE01,,,,,,,,,,,,,,,,,487508,,,351046,260335,142299,92667,80536,34993,"[""IT_LIMC_EG_HE01"" ""IT_LIPE_EG_HE01"" ""IT_LIPN_EG_HE01"" ""IT_LIRF_EG_HE01""]"
PAS,PAS_CRD,Temuco,,,,,,,,,,,,,,,,,20551,,,,,,,,,"[""RO_LROP_CL_SCTC""]"
PAS,PAS_CRD,MA_GMMA,,,,20810,,,,,,,,,,,,,,,,,,,,,,"[""FR_LFQQ_MA_GMMA""]"
PAS,PAS_CRD,ID_WI90,,,,,,,,,,,,,,,,,,,,,142599,99734,75620,,,"[""DE_EDDF_ID_WI90""]"
PAS,PAS_CRD,Vasco da Gama,,,,,,,,,,165256,185231,215103,146602,112572,93884,81708,103794,101179,91630,86188,,,76071,76549,,"[""UK_EGCC_IN_VAGO"" ""UK_EGKK_IN_VAGO""]"
PAS,PAS_CRD,BR_SB99,,,,,,,,,,,,,,,,,,,,119525,,,,,,"[""DE_EDDF_BR_SB99""]"
PAS,PAS_CRD,KZ_UA99,,,,,,,,,,,,,,,,,,,,51961,48336,47640,44505,41086,33517,"[""DE_EDVV_KZ_UA99""]"
PAS,PAS_CRD,Ciego de Avila,,,,,,,,,,,,,,,,,,,,21057,,22830,,,,"[""IT_LIMC_CU_MUCA""]"
PAS,PAS_CRD,Perth,,,,,,,,,,,,,76706,,,,,,121722,124094,,,,,,"[""UK_EGLL_AU_YPPH""]"
PAS,PAS_CRD,KE_HKNA,,,,,,,,,,,,,366123,319843,276232,612395,583165,544220,290107,143384,432492,345105,244355,231084,288234,"[""FR_LF90_KE_HKNA"" ""NL_EHAM_KE_HKNA"" ""UK_EGKK_KE_HKNA"" ""UK_EGLL_KE_HKNA""]"
PAS,PAS_CRD,JP_RJNN,,,,,,,,108180,214692,271452,280213,281549,260519,93634,,85109,91885,,,79043,75611,,,,,"[""DE_EDDF_JP_RJNN"" ""FR_LFPG_JP_RJNN"" ""UK_EGLL_JP_RJNN""]"
PAS,PAS_CRD,JP_RJ99,,,,,,,,143583,195070,92845,,,,,,,,,,,,,,,,"[""IT_LIMC_JP_RJ99""]"
PAS,PAS_CRD,Pointe Noire,,83537,95037,100255,85981,79657,75815,,,,,,,,,,,,,,,,,,,"[""FR_LFPG_CG_FCPP""]"
PAS,PAS_CRD,AU_APPH,,,,,,,,,,,,,,,,,,,,,115063,109726,,,,"[""UK_EGLL_AU_APPH""]"
PAS,PAS_CRD,Harare,,,,,,,,,,,,,,,,101437,123409,120411,154270,150993,142636,120263,80647,,,"[""UK_EGKK_ZW_FVHA"" ""UK_EGLL_ZW_FVHA""]"
PAS,PAS_CRD,Dhaka,,,,,,,80679,103555,79779,139712,129536,159683,183251,175327,179582,145775,132858,147670,138710,128646,128329,117814,118367,128764,119234,"[""UK_EGLL_BD_VGZR""]"
PAS,PAS_CRD,Tucson,,,,,,,,,,,,,,,,,,,,30868,,,,,,"[""IT_LIPE_US_KTUS""]"
PAS,PAS_CRD,Chongqing,,,,75363,,,,,,,,,,,,,,,,,,,,,,"[""FI_EFHK_CN_ZUCK""]"
PAS,PAS_CRD,US_KNYC,,,,,,,,,,,,,,,,,,320847,296527,,,,412531,370100,295449,"[""EL_LGAT_US_KNYC""]"
PAS,PAS_CRD,Porto Alegre,,,,,,,,,,,,,,,,,,80390,,,,,,,,"[""FR_LF90_BR_SBPA""]"
PAS,PAS_CRD,Krasnodar,,,,21399,29002,25690,20703,,,,,,,,,,,,,,,,,,,"[""IT_LIPR_RU_URKK""]"
PAS,PAS_CRD,QA_OT99,,,,,,,,,,,,,,,,,,,,,,,,,,"[""CZ_LKPR_QA_OT99""]"
PAS,PAS_CRD,Mombasa,,,,,95652,113628,132808,103129,84955,,220030,207817,179045,,,29304,,,30649,53287,78603,78422,176248,113355,93833,"[""CH_LSZM_KE_HKMO"" ""DE_EDDB_KE_HKMO"" ""DE_EDDF_KE_HKMO"" ""FR_LFSB_KE_HKMO"" ""IT_LIMC_KE_HKMO"" ""UK_EGKK_KE_HKMO""]"
PAS,PAS_CRD,Sharm el-Sheikh,,,972115,1240492,1483533,2137920,1587630,3335766,2780398,2824137,2250394,1610927,1490837,1701622,1127433,1060570,170452,94967,,,94994,,,,,"[""AT_LOWS_EG_HESH"" ""BE_EBBR_EG_HESH"" ""CH_LSZH_EG_HESH"" ""DE_EDDL_EG_HESH"" ""DE_EDDM_EG_HESH"" ""DE_EDDN_EG_HESH"" ""DE_EDDP_EG_HESH"" ""DK_EKCH_EG_HESH"" ""EE_EETN_EG_HESH"" ""IT_LIBD_EG_HESH"" ""IT_LIMC_EG_HESH"" ""IT_LIME_EG_HESH"" ""IT_LIPE_EG_HESH"" ""IT_LIPR_EG_HESH"" ""IT_LIPX_EG_HESH"" ""IT_LIRF_EG_HESH"" ""IT_LIRN_EG_HESH"" ""LT_EYVI_EG_HESH"" ""NL_EHAM_EG_HESH"" ""PL_EPKT_EG_HESH"" ""PL_EPPO_EG_HESH"" ""PL_EPWA_EG_HESH"" ""PL_EPWR_EG_HESH"" ""UK_EGBB_EG_HESH"" ""UK_EGCC_EG_HESH"" ""UK_EGCN_EG_HESH"" ""UK_EGFF_EG_HESH"" ""UK_EGGW_EG_HESH"" ""UK_EGKK_EG_HESH"" ""UK_EGNT_EG_HESH"" ""UK_EGNX_EG_HESH"" ""UK_EGPF_EG_HESH""]"
PAS,PAS_CRD,Asunción,,,,,,,,,,,,,,,,,,,,,,,,,74128,"[""ES_LEMD_PY_SGAS""]"
PAS,PAS_CRD,Canefield,,,,,,,,,,,,,,,,,,,,,,16472,,,,"[""FR_TFFR_DM_TDCF""]"
PAS,PAS_CRD,Kolkata,,,,,,,,,115342,84915,80640,129232,93758,,,,,,,,,,,,,"[""UK_EGLL_IN_VECC""]"
PAS,PAS_CRD,BR_SBWP,,,,98560,87280,86044,,,,,,,,,,,,,,,,,,,,"[""PT_LPPT_BR_SBWP""]"
PAS,PAS_CRD,AL_LA99,,,,,,,38640,20646,63356,44302,,,,,,,,,,,,,,,,"[""IT_LIPE_AL_LA99"" ""IT_LIPY_AL_LA99""]"
PAS,PAS_CRD,Taba,,,,,,,,,,78434,88265,99538,99130,76611,,,,,,,,,,,,"[""UK_EGKK_EG_HETB""]"
PAS,PAS_CRD,Fontvieille,,,,,,,,,,82848,100661,93019,84844,80408,90995,103723,115861,125597,117476,74790,101340,96163,90499,86403,85361,"[""FR_LFMN_MC_LNMC""]"
PAS,PAS_CRD,Salvador,,,,75463,81587,,,,,86023,104975,88988,,,,,,,,,,,,,,"[""ES_LEMD_BR_SBSV""]"
PAS,PAS_CRD,MA_GM99,,,,,,,,,151295,106929,,,,,,,,,,,,,,,,"[""IT_LIPE_MA_GM99""]"
PAS,PAS_CRD,Banjul,,,,95028,76446,,,,77005,77046,81302,81059,80216,90172,78690,99304,75504,161961,97109,,,,,83799,,"[""BE_EBBR_GM_GBYD"" ""UK_EGKK_GM_GBYD""]"
PAS,PAS_CRD,Luxor,,,,,,,,191019,301595,278397,244591,301494,273381,283442,116311,117374,188540,285271,175653,81979,277879,277538,76000,,85581,"[""DE_EDDN_EG_HELX"" ""FR_LF90_EG_HELX"" ""FR_LFLL_EG_HELX"" ""FR_LFPG_EG_HELX"" ""UK_EGCC_EG_HELX"" ""UK_EGKK_EG_HELX""]"
PAS,PAS_CRD,CO_SKED,,,,,,,,,,,206790,422848,366154,204241,240248,230913,231597,,156577,,,,,,,"[""ES_LEMD_CO_SKED""]"
PAS,PAS_CRD,Malabang,,,,,,,,,,,128644,135021,317419,195282,200470,266211,138726,186643,155348,157090,296641,153532,234153,141148,248258,"[""DE_EDDF_PH_RPMM"" ""FR_LFPG_PH_RPMM"" ""IT_LIRF_PH_RPMM"" ""NL_EHAM_PH_RPMM"" ""UK_EGKK_PH_RPMM"" ""UK_EGLL_PH_RPMM""]"
